0.299;0.226577;0.144007
0.356;0.133143;0.0846225
0.397;0.132617;0.0846225
0.453;0.132108;0.0846225
0.510;0.131309;0.0846225
0.553;0.130246;0.0846225
0.614;0.128467;0.0846225
0.623;0.128109;0.0846225
0.709;0.124863;0.0846225
0.757;0.123777;0.0846225
0.821;0.120174;0.0846225
0.823;0.118534;0.0846225
0.910;0.114015;0.0846225
0.950;0.111001;0.0846225
1.1013;0.107258;0.0846225
1.1052;0.10481;0.0846225
1.1114;0.131074;0.0846225
1.1158;0.11599;0.0846225
1.1217;0.109071;0.0846225
1.1256;0.105568;0.0846225
1.1312;0.0983368;0.0846225
1.1348;0.246575;0.300557
1.1419;0.185168;0.211512
1.1423;0.175453;0.211512
1.1508;0.158298;0.211512
1.1553;0.155938;0.211512
1.1607;0.38233;0.605858
1.1657;0.288768;0.443241
1.1714;0.27827;0.443241
1.1752;0.259959;0.443241
1.1805;0.249081;0.443241
1.1849;0.93972;1.40419
1.1909;0.664587;1.00792
1.1947;0.612238;1.00792
2.2000;0.579467;1.00792
2.2054;0.903542;1.6498
2.2115;0.737179;1.38511
2.2146;0.702248;1.38511
2.2185;0.669651;1.38511
2.2232;1.02143;1.97733
2.2316;0.842759;1.73312
2.2351;0.787207;1.73312
2.2376;0.716258;1.73312
2.2425;0.716081;1.73312
2.2513;1.08646;1.89228
2.2556;0.903226;1.82665
2.2581;0.866783;1.82665
2.2625;1.27549;1.66702
2.2705;1.0376;1.73285
2.2753;0.992068;1.73285
2.2787;1.36123;1.70608
2.2833;1.15203;1.71712
2.2916;1.10822;1.71712
2.2951;1.02867;1.71712
3.3013;1.37842;1.36693
3.3032;1.19602;1.51133
3.3104;1.12474;1.51133
3.3150;1.43508;1.28566
3.3217;1.22855;1.37872
3.3223;1.18871;1.37872
3.3311;1.11154;1.37872
3.3350;1.3286;1.41057
3.3404;1.22218;1.39744
3.3434;1.10617;1.39744
3.3480;1.24221;1.03005
3.3525;1.12376;1.18155
3.3589;1.08416;1.18155
3.3632;1.00968;0.695986
3.3724;0.971942;0.896218
3.3725;0.931716;0.896218
3.3795;0.918594;0.896218
3.3841;1.00012;0.309699
3.3920;0.909274;0.551562
3.3954;0.894122;0.551562
3.3987;0.809714;0.551562
4.4032;0.891359;0.0456694
4.4116;0.799606;0.254285
4.4155;0.777267;0.254285
4.4186;0.770183;-0.0709565
4.4233;0.731263;0.0631637
4.4313;0.680065;0.0631637
4.4351;0.664458;0.0631637
4.4390;0.627876;0.0631637
4.4437;0.601794;-0.0874816
4.4525;0.571078;-0.0253598
4.4527;0.56327;-0.0253598
4.4594;0.537701;-0.0253598
4.4641;0.473341;-0.0259968
4.4715;0.470067;-0.0257342
4.4759;0.445567;-0.0257342
4.4797;0.425122;-0.0257342
4.4840;0.384271;-0.00237406
4.4924;0.36398;-0.0120071
4.4927;0.350219;-0.0120071
4.4985;0.339048;-0.0120071
5.5036;0.304102;0.000969931
5.5121;0.289782;-0.00438142
5.5124;0.279083;-0.00438142
5.5187;0.270304;-0.00438142
5.5237;0.256564;-0.00438142
5.5323;0.182233;-0.0603388
5.5325;0.194149;-0.0372636
5.5397;0.190001;-0.0372636
5.5440;0.184354;-0.0372636
5.5481;0.161629;-0.0372636
5.5542;-0.033235;-0.223356
5.5612;0.0358691;-0.146617
5.5652;0.0304322;-0.146617
5.5726;0.0368586;-0.146617
5.5728;0.0353338;-0.146617
5.5794;-0.292911;-0.492805
5.5836;-0.173593;-0.350047
5.5916;-0.17305;-0.350047
5.5953;-0.157261;-0.350047
5.5986;-0.158414;-0.350047
6.6036;-0.606584;-0.923763
6.6129;-0.422624;-0.687179
6.6131;-0.400582;-0.687179
6.6193;-0.353122;-0.687179
6.6241;-0.915874;-1.56932
6.6324;-0.692758;-1.20555
6.6327;-0.654706;-1.20555
6.6398;-0.605782;-1.20555
6.6441;-0.586774;-1.20555
6.6488;-1.97672;-2
6.6561;-1.44202;-2
6.6600;-1.37629;-2
6.6649;-1.94793;-2
6.6726;-1.63553;-2
6.6728;-1.60066;-2
6.6819;-1.99552;-2
6.6850;-1.72088;-2
6.6918;-1.66617;-2
6.6928;-1.61251;-1.95344
6.6997;-1.54022;-2
7.7040;-1.99938;-1.75093
7.7132;-1.76184;-1.93559
7.7133;-1.98998;-1.16376
7.7195;-1.79165;-1.48204
7.7245;-1.68632;-1.48204
7.7313;-1.78038;-0.373203
7.7327;-1.6603;-0.830454
7.7393;-1.57068;-0.830454
7.7448;-1.59012;0.170644
7.7532;-1.47637;-0.24218
7.7532;-1.40117;-0.24218
7.7599;-1.40888;0.139418
7.7645;-1.30293;-0.0179421
7.7708;-1.21332;-0.0179421
7.7741;-1.20587;-0.0179421
7.7795;-1.09612;-0.167536
7.7844;-1.04843;-0.105848
7.7909;-0.996949;-0.105848
7.7950;-0.949505;-0.105848
7.7997;-0.881406;0.00600715
8.8040;-0.834764;-0.0401185
8.8126;-0.789401;-0.0401185
8.8126;-0.734171;-0.0401185
8.8197;-0.69894;-0.0401185
8.8241;-0.638358;0.0226129
8.8284;-0.612789;-0.00325572
8.8342;-0.593348;-0.00325572
8.8401;-0.559099;-0.00325572
8.8444;-0.520445;-0.00325572
8.8488;-0.460808;0.00321304
8.8528;-0.438432;0.000545509
8.8603;-0.428394;0.000545509
8.8653;-0.404648;0.000545509
8.8694;-0.328231;0.0525013
8.8749;-0.335559;0.0310762
8.8803;-0.307852;0.0310762
8.8848;-0.301379;0.0310762
8.8917;-0.288939;0.0310762
8.8926;-0.208204;0.024562
8.8999;-0.223603;0.0272483
9.9044;-0.212814;0.0272483
9.9120;-0.199248;0.0272483
9.9123;-0.193832;0.0272483
9.9192;-0.182374;0.00991822
9.9236;-0.170497;0.0170646
9.9283;-0.163623;0.0170646
9.9328;-0.15874;0.0170646
9.9405;-0.148142;0.0170646
9.9448;-0.0988386;0.0180719
9.9526;-0.107952;0.0176565
9.9526;-0.105725;0.0176565
9.9606;-0.0999431;0.0176565
9.9653;-0.0578452;-0.0539095
9.9721;-0.0672786;-0.0243978
9.9723;-0.0652844;-0.0243978
9.9801;-0.0621521;-0.0243978
9.9829;-0.060749;-0.0243978
9.9893;0.00574759;0.0868326
9.9927;-0.0152892;0.0409644
9.9997;-0.0161426;0.0409644
10.10040;-0.0155838;0.0409644
10.10119;-0.0150551;0.0409644
10.10125;0.0948005;0.0496417
10.10204;0.05139;0.0460634
10.10249;0.0431575;0.0460634
10.10317;0.0392605;0.0460634
10.10362;0.0380145;0.0460634
10.10409;0.238796;0.232355
10.10455;0.161718;0.155534
10.10521;0.152974;0.155534
10.10558;0.145252;0.155534
10.10591;0.422795;0.44948
10.10637;0.310083;0.328265
10.10718;0.288769;0.328265
10.10757;0.273788;0.328265
10.10808;0.261619;0.328265
10.10854;0.997146;1.26472
10.10886;0.702868;0.878553
10.10932;0.676247;0.878553
11.11004;0.612141;0.878553
11.11048;0.977483;1.5
11.11120;0.800627;1.24373
11.11157;0.760343;1.24373
11.11208;0.708457;1.24373
11.11253;1.06616;1.72183
11.11326;0.887387;1.52468
11.11326;0.851271;1.52468
11.11428;0.772555;1.52468
11.11429;0.799214;1.52468
11.11510;1.11082;1.84624
11.11549;0.946015;1.71364
11.11593;1.31308;1.69724
11.11641;1.09927;1.704
11.11737;1.05179;1.704
11.11737;0.9658;1.704
11.11819;1.37794;1.58598
11.11863;1.16479;1.63465
11.11884;1.1245;1.63465
11.11928;1.49675;1.54051
12.12015;1.26487;1.57933
12.12059;1.18424;1.57933
12.12117;1.13712;1.57933
12.12163;1.47228;1.23597
12.12217;1.25252;1.37756
12.12261;1.20382;1.37756
12.12295;1.47418;1.39353
12.12343;1.26638;1.38694
12.12414;1.20346;1.38694
12.12469;1.14312;1.38694
12.12494;1.35317;1.23646
12.12540;1.17588;1.29852
12.12613;1.12058;1.29852
12.12658;1.06809;0.963163
12.12717;1.03504;1.10145
12.12761;0.965824;1.10145
12.12821;0.944988;1.10145
12.12860;1.07898;0.661245
12.12913;0.968658;0.842774
12.12961;0.939561;0.842774
13.13021;1.02273;0.240142
13.13064;0.923936;0.48865
13.13093;0.897964;0.48865
13.13136;0.831193;0.48865
13.13221;0.848731;-0.0428801
13.13264;0.803636;0.176308
13.13290;0.774654;0.176308
13.13333;0.706976;0.176308
13.13422;0.736758;-0.0976532
13.13465;0.671402;0.0153204
13.13526;0.655858;0.0153204
13.13527;0.596812;0.0153204
13.13613;0.581114;-0.0784366
13.13664;0.553229;-0.0397739
13.13695;0.544842;-0.0397739
13.13741;0.494218;-0.0397739
13.13825;0.453888;-0.0464606
13.13827;0.43885;-0.0437032
13.13889;0.424228;-0.0437032
13.13932;0.402019;-0.0437032
14.14018;0.34334;-0.00486546
14.14062;0.337661;-0.020881
14.14097;0.324949;-0.020881
14.14149;0.306196;-0.020881
14.14226;0.285107;-0.020881
14.14231;0.25751;-0.115858
14.14299;0.252908;-0.0766922
14.14345;0.238374;-0.0766922
14.14425;0.222129;-0.0766922
14.14428;0.212552;-0.0766922
14.14494;0.191284;0.05372
14.14540;0.180561;-5.82324e-05
14.14627;0.173038;-5.82324e-05
14.14629;0.164758;-5.82324e-05
14.14689;0.159202;-5.82324e-05
14.14732;0.130562;0.0140587
14.14828;0.13325;0.00823729
14.14830;0.124167;0.00823729
14.14890;0.12132;0.00823729
14.14932;0.0553232;-0.013747
15.15026;0.0706927;-0.00468129
15.15033;0.0707345;-0.00468129
15.15093;0.0696527;-0.00468129
15.15140;0.0648123;-0.00468129
15.15225;-0.114881;-0.0949435
15.15228;-0.0506909;-0.057722
15.15299;-0.0542363;-0.057722
15.15345;-0.0510104;-0.057722
15.15393;-0.0482986;-0.151475
15.15464;-0.0445939;-0.112814
15.15492;-0.0434803;-0.112814
15.15537;-0.0410878;-0.112814
15.15626;-0.0386213;-0.112814
15.15629;-0.141423;-0.260961
15.15701;-0.0995025;-0.19987
15.15744;-0.0883933;-0.19987
15.15828;-0.0838258;-0.19987
15.15830;-0.0805744;-0.19987
15.15892;-0.233751;-0.448979
15.15936;-0.172217;-0.346253
16.16031;-0.164242;-0.346253
16.16033;-0.153308;-0.346253
16.16101;-0.369796;-0.736544
16.16148;-0.281588;-0.575599
16.16183;-0.263317;-0.575599
16.16261;-0.250153;-0.575599
16.16300;-0.244951;-0.575599
16.16344;-0.484203;-1.03512
16.16432;-0.382236;-0.845626
16.16434;-0.357151;-0.845626
16.16496;-0.340584;-0.845626
16.16543;-0.592444;-1.05316
16.16629;-0.483126;-0.967579
16.16629;-0.455155;-0.967579
16.16699;-0.436625;-0.967579
16.16745;-0.414942;-0.967579
16.16781;-0.773567;-0.493712
16.16830;-0.630641;-0.689121
16.16901;-0.6019;-0.689121
16.16945;-0.896281;-1.27275
16.16988;-0.768118;-1.03208
17.17067;-0.726913;-1.03208
17.17099;-1.10021;-1.0689
17.17148;-0.931876;-1.05371
17.17197;-0.913539;-1.05371
17.17265;-1.04066;-0.690953
17.17295;-0.962553;-0.840545
17.17341;-0.973409;-0.679627
17.17432;-0.933761;-0.745985
17.17435;-0.89124;-0.745985
17.17499;-0.794343;-0.426648
17.17544;-0.780385;-0.558334
17.17634;-0.774099;-0.558334
17.17637;-0.621258;0.365215
17.17697;-0.632738;-0.0156301
17.17741;-0.625369;-0.0156301
17.17801;-0.352078;0.444445
17.17832;-0.427187;0.254723
17.17898;-0.42966;0.254723
17.17941;-0.174875;1.74022
18.18036;-0.261135;1.12764
18.18036;-0.381284;0.366613
18.18109;-0.337113;0.68044
18.18160;-0.321284;0.68044
18.18242;-0.626995;-0.10105
18.18242;-0.505463;0.221214
18.18299;-0.507859;0.221214
18.18345;-0.836317;-0.86839
18.18433;-0.695209;-0.419069
18.18436;-1.08633;-1.44366
18.18500;-0.895763;-1.02115
18.18544;-0.853526;-1.02115
18.18635;-1.20523;-2
18.18636;-1.04348;-1.94773
18.18701;-1.03204;-1.94773
18.18744;-1.29609;-2
18.18838;-1.15147;-2
18.18839;-1.10287;-2
18.18901;-1.26662;-0.996207
18.18946;-1.14404;-1.60675
19.19000;-1.12148;-1.60675
19.19032;-1.29708;-0.591606
19.19082;-1.22112;-1.01022
19.19157;-1.22739;-0.659406
19.19193;-1.14779;-0.804073
19.19237;-1.09911;-0.804073
19.19299;-1.09861;0.247163
19.19345;-1.03317;-0.186336
19.19439;-0.987637;-0.186336
19.19441;-0.932369;0.0501392
19.19503;-0.904817;-0.0473765
19.19548;-0.846522;-0.0473765
19.19642;-0.79295;-0.0299341
19.19644;-0.761591;-0.0371268
19.19707;-0.723759;-0.0371268
19.19753;-0.692309;-0.0377075
19.19829;-0.662022;-0.037468
19.19865;-0.644652;-0.037468
19.19912;-0.6137;-0.037468
19.19957;-0.511651;-0.0188314
20.20043;-0.518963;-0.0265166
20.20045;-0.479482;-0.0265166
20.20104;-0.494734;-0.0265166
20.20141;-0.43458;-0.0265166
20.20188;-0.37182;-0.0465197
20.20237;-0.372844;-0.038271
20.20303;-0.358033;-0.038271
20.20351;-0.3476;-0.038271
20.20447;-0.277703;-0.0562638
20.20447;-0.298357;-0.0488441
20.20513;-0.255711;-0.0488441
20.20556;-0.254404;-0.0488441
20.20601;-0.234774;-0.0488441
20.20656;-0.189915;-0.0740199
20.20722;-0.192209;-0.0636381
20.20773;-0.180012;-0.0636381
20.20804;-0.176592;-0.0636381
20.20850;-0.119655;-0.0870645
20.20906;-0.129054;-0.0774041
20.20952;-0.124043;-0.0774041
21.21025;-0.119076;-0.0774041
21.21058;-0.113459;-0.0774041
21.21114;-0.0322224;0.0783639
21.21157;-0.0574818;0.0141297
21.21245;-0.0523811;0.0141297
21.21247;-0.0500472;0.0141297
21.21333;-0.0476786;0.0141297
21.21375;-0.0105896;0.0111791
21.21435;-0.0213706;0.0123958
21.21452;-0.0196905;0.0123958
21.21508;-0.0199528;0.0123958
21.21553;0.0129543;-0.000617642
21.21647;0.000975287;0.00474873
21.21649;-0.000157077;0.00474873
21.21715;-0.00137711;0.00474873
21.21761;-0.00132252;0.00474873
21.21806;0.0209231;0.00971232
21.21845;0.0123845;0.00766548
21.21913;0.0118819;0.00766548
21.21957;0.0109364;0.00766548
22.22012;0.0105361;0.00766548
22.22041;0.0336462;0.066712
22.22112;0.0235531;0.0423629
22.22160;0.0212489;0.0423629
22.22224;0.0212754;0.0423629
22.22255;0.0183497;0.0423629
22.22318;0.0179951;0.0102229
22.22366;0.0172427;0.0234765
22.22425;0.0165334;0.0234765
22.22467;0.0158477;0.0234765
22.22507;0.0152063;0.0234765
22.22552;0.0466381;0.0352235
22.22634;0.0337379;0.0303794
22.22664;0.0316932;0.0303794
22.22711;0.0284449;0.0303794
22.22757;0.0511254;0.0406365
22.22832;0.0410191;0.0364068
22.22864;0.0393749;0.0364068
22.22919;0.03593;0.0364068
22.22968;0.0348353;0.0364068
23.23043;0.0489305;0.00409577
23.23043;0.0415308;0.0174199
23.23119;0.0399467;0.0174199
23.23169;0.0383875;0.0174199
23.23233;0.0362045;0.0174199
23.23259;0.0400462;0.00149661
23.23319;0.0363271;0.00806291
23.23373;0.0339277;0.00806291
23.23440;0.0330853;0.00806291
23.23443;0.0314039;0.00806291
23.23517;0.0336836;0.053361
23.23589;0.0313188;0.0346814
23.23590;0.0291641;0.0346814
23.23645;0.0279253;0.0346814
23.23714;0.0306113;-0.00183626
23.23757;0.0278507;0.0132226
23.23838;0.0264707;0.0132226
23.23840;0.0252164;0.0132226
23.23911;0.0244285;0.0132226
23.23957;0.0228869;-0.0787424
24.24009;0.0224442;-0.0408187
24.24058;0.0213779;-0.0408187
24.24118;0.0202332;-0.0408187
24.24160;0.0195896;-0.0327926
24.24233;0.0188833;-0.0361023
24.24262;0.0182881;-0.0361023
24.24317;0.0179079;-0.0361023
24.24368;0.0171727;-0.0147874
24.24437;0.0169217;-0.0235771
24.24439;0.0167086;-0.0235771
24.24512;0.0166534;-0.0235771
24.24561;0.0166191;-0.0235771
24.24629;0.016798;0.0277193
24.24661;0.0171393;0.00656617
24.24714;0.0175251;0.00656617
24.24757;0.0186929;0.00656617
24.24839;0.0198539;0.00633974
24.24839;0.0212056;0.00643311
24.24913;0.0260504;0.00643311
0.305;0.154125;-0.0154705
0.353;0.0905685;-0.00909091
0.422;0.0901935;-0.00909091
0.477;0.0896238;-0.00909091
0.526;0.0890941;-0.00909091
0.578;0.0883119;-0.00909091
0.634;0.0873035;-0.00909091
0.658;0.0866172;-0.00909091
0.701;0.0848186;-0.00909091
0.772;0.0834166;-0.00909091
0.817;0.0816506;-0.00909091
0.886;0.0789148;-0.00909091
0.919;0.0776254;-0.00909091
0.969;0.0740762;-0.00909091
1.1013;0.0717791;-0.00909091
1.1073;0.00956078;-0.00909091
1.1134;0.0346763;-0.00909091
1.1155;0.023009;-0.00909091
1.1231;0.0253179;-0.00909091
1.1281;0.0239531;-0.00909091
1.1305;0.0231234;-0.00909091
1.1370;-0.0343778;-0.0534381
1.1404;-0.0133678;-0.0351506
1.1460;-0.0146251;-0.0351506
1.1514;-0.0128661;-0.0351506
1.1563;-0.0122107;-0.0351506
1.1605;-0.0652834;-0.0503429
1.1656;-0.0445638;-0.044078
1.1702;-0.0409604;-0.044078
1.1766;-0.0386152;-0.044078
1.1809;-0.0359833;-0.044078
1.1870;-0.114483;0.0675774
1.1920;-0.0822956;0.0215339
1.1978;-0.0788089;0.0215339
2.2005;-0.0732769;0.0215339
2.2063;-0.0874491;0.048481
2.2112;-0.0778479;0.0373688
2.2157;-0.0725101;0.0373688
2.2201;-0.0701316;0.0373688
2.2271;-0.0648904;0.0373688
2.2317;-0.0780352;-0.0543271
2.2367;-0.0695338;-0.0165143
2.2413;-0.0648389;-0.0165143
2.2476;-0.0616441;-0.0165143
2.2523;-0.0607656;-0.0165143
2.2557;-0.0659944;-0.0341233
2.2604;-0.058667;-0.0268618
2.2666;-0.0569579;-0.0268618
2.2710;-0.0546206;-0.0268618
2.2759;-0.0506915;-0.00547329
2.2805;-0.0494094;-0.0142933
2.2869;-0.0459443;-0.0142933
2.2912;-0.0449998;-0.0142933
2.2966;-0.0426532;-0.0142933
3.3014;-0.0478805;0.037526
3.3071;-0.0431824;0.0161572
3.3115;-0.0407289;0.0161572
3.3156;-0.0389699;0.0161572
3.3201;-0.0386788;0.0389869
3.3262;-0.0363224;0.0295726
3.3306;-0.0345994;0.0295726
3.3359;-0.0329316;0.0295726
3.3405;-0.0309961;0.0295726
3.3470;-0.030623;0.0429914
3.3508;-0.0283992;0.0374579
3.3585;-0.0272998;0.0374579
3.3599;-0.0265611;0.0374579
3.3657;-0.0252527;0.0374579
3.3701;-0.0242209;-0.00738168
3.3794;-0.0226802;0.0111089
3.3825;-0.0221961;0.0111089
3.3873;-0.0207025;0.0111089
3.3907;-0.0236079;0.0105468
3.3956;-0.0209285;0.0107786
4.4003;-0.0203916;0.0107786
4.4073;-0.0190656;0.0107786
4.4104;-0.0183997;0.0107786
4.4181;-0.0196408;0.00247069
4.4216;-0.0178013;0.00589662
4.4261;-0.017409;0.00589662
4.4301;-0.0165084;0.00589662
4.4386;-0.0092825;0.00512774
4.4424;-0.0109671;0.0054448
4.4469;-0.00990326;0.0054448
4.4502;-0.00986371;0.0054448
4.4590;-0.0122792;0.0054448
4.4608;-0.0157263;-0.0118807
4.4661;-0.043949;-0.00473617
4.4707;-0.0628239;-0.00473617
4.4782;-0.111682;-0.00473617
4.4810;-0.13722;-0.00473617
4.4873;-0.184913;-0.00287207
4.4944;-0.259251;-0.00364077
4.4989;-0.315135;-0.00364077
5.5017;-0.362814;-0.00364077
5.5065;-0.425825;0.00210534
5.5147;-0.531936;-0.000264194
5.5150;-0.575969;-0.000264194
5.5202;-0.676862;-0.000264194
5.5258;-0.767959;-0.000264194
5.5300;-0.816121;0.0295168
5.5390;-0.958343;0.017236
5.5407;-1.01388;0.017236
5.5463;-1.17576;0.017236
5.5505;-1.23238;0.017236
5.5587;-1.28383;0.0190275
5.5617;-1.3841;0.0182888
5.5661;-1.44829;0.0182888
5.5746;-1.52314;0.0182888
5.5748;-1.65815;0.0182888
5.5799;-1.60364;0.00914717
5.5854;-1.72326;0.0129169
5.5904;-1.74682;0.0129169
5.5982;-1.80751;0.0129169
6.6035;-1.81833;0.0129169
6.6079;-1.85698;-0.0285122
6.6102;-1.85922;-0.011428
6.6181;-1.87248;-0.011428
6.6232;-1.86645;-0.011428
6.6275;-1.85942;-0.0152981
6.6319;-1.74876;-0.0137022
6.6351;-1.74823;-0.0137022
6.6411;-1.73089;-0.0137022
6.6457;-1.69629;-0.0137022
6.6552;-1.65731;-0.0137022
6.6554;-1.31989;-0.00835672
6.6606;-1.36643;-0.010561
6.6649;-1.30675;-0.010561
6.6740;-1.27835;-0.010561
6.6785;-1.19203;-0.010561
6.6820;-0.836105;-0.0255848
6.6865;-0.908598;-0.0193894
6.6907;-0.858313;-0.0193894
6.6978;-0.810625;-0.0193894
7.7055;-0.497808;-0.0313365
7.7056;-0.57883;-0.0264099
7.7108;-0.589357;-0.0264099
7.7189;-0.444627;-0.0264099
7.7230;-0.450115;-0.0264099
7.7316;-0.15812;-0.0344165
7.7316;-0.247756;-0.0311148
7.7371;-0.21748;-0.0311148
7.7410;-0.187422;-0.0311148
7.7457;-0.190928;-0.0311148
7.7555;0.05212;-0.032035
7.7555;-0.0223465;-0.0316555
7.7607;-0.014674;-0.0316555
7.7667;0.299153;-0.0276142
7.7746;0.176697;-0.0292807
7.7784;0.171687;-0.0292807
7.7847;0.249492;0.0381252
7.7889;0.203562;0.0103289
7.7944;0.192861;0.0103289
7.7993;0.183853;0.0103289
8.8018;0.172368;0.0103289
8.8061;0.251283;-0.00173834
8.8136;0.202511;0.00323786
8.8181;0.194436;0.00323786
8.8258;0.179834;0.00323786
8.8258;0.238274;-0.0235993
8.8358;0.202164;-0.0125324
8.8358;0.193367;-0.0125324
8.8442;0.171188;-0.0125324
8.8498;0.169087;-0.0125324
8.8523;0.213342;-0.0468614
8.8566;0.186656;-0.0327051
8.8642;0.169638;-0.0327051
8.8687;0.165349;-0.0327051
8.8730;0.158242;-0.0327051
8.8773;0.188029;-0.0693128
8.8846;0.165184;-0.0542168
8.8891;0.156507;-0.0542168
8.8910;0.143602;-0.0542168
8.8954;0.139942;0.00571062
9.9015;0.132503;-0.0190017
9.9060;0.128692;-0.0190017
9.9143;0.121735;-0.0190017
9.9189;0.114373;-0.0190017
9.9216;0.155543;0.00281349
9.9261;0.134034;-0.00618248
9.9328;0.123604;-0.00618248
9.9373;0.120925;-0.00618248
9.9415;0.148678;0.0049678
9.9461;0.131728;0.000369746
9.9527;0.125238;0.000369746
9.9577;0.116118;0.000369746
9.9615;0.111489;0.000369746
9.9659;0.129858;0.0172422
9.9730;0.115444;0.0102845
9.9775;0.108369;0.0102845
9.9842;0.103089;0.0102845
9.9886;0.113857;0.025727
9.9950;0.0996092;0.019359
9.9977;0.0977564;0.019359
10.10015;0.091804;0.019359
10.10061;0.0892211;0.019359
10.10127;0.0922161;0.0285522
10.10173;0.0866189;0.0247612
10.10215;0.0820945;0.0247612
10.10261;0.0794702;0.0247612
10.10329;0.0843354;0.0528678
10.10376;0.0784546;0.0412774
10.10405;0.0743575;0.0412774
10.10479;0.0718001;0.0412774
10.10552;0.0789088;-0.0275564
10.10554;0.0721424;0.00082867
10.10639;0.0683162;0.00082867
10.10658;0.0627769;0.00082867
10.10718;0.0345271;0.00082867
10.10761;0.0212725;0.00288194
10.10809;-0.00548696;0.00203523
10.10853;-0.0478126;0.00203523
10.10922;-0.110416;0.00203523
10.10965;-0.159446;0.00203523
11.11038;-0.186861;0.0296715
11.11057;-0.283519;0.0182751
11.11133;-0.373498;0.0182751
11.11155;-0.390045;0.0182751
11.11225;-0.516483;0.0358247
11.11265;-0.562228;0.0285877
11.11344;-0.66569;0.0285877
11.11389;-0.727388;0.0285877
11.11446;-0.841723;0.0285877
11.11457;-0.91208;0.0209297
11.11522;-1.11596;0.0240877
11.11569;-1.16363;0.0240877
11.11638;-1.34;0.0240877
11.11679;-1.44138;0.0240877
11.11734;-1.4159;-0.00790541
11.11771;-1.53034;0.00528761
11.11846;-1.71095;0.00528761
11.11853;-1.74994;0.00528761
11.11924;-1.71148;0.000253422
11.11969;-1.80911;0.00232938
12.12011;-1.89689;0.00232938
12.12058;-1.94587;0.00232938
12.12147;-2;0.00232938
12.12195;-2;0.00386937
12.12255;-1.93884;0.00323432
12.12255;-2;0.00323432
12.12320;-2;0.00323432
12.12365;-2;0.00070077
12.12445;-2;0.00174553
12.12467;-2;0.00174553
12.12520;-2;0.00174553
12.12569;-2;-0.0321804
12.12635;-2;-0.0181903
12.12666;-2;-0.0181903
12.12720;-2;-0.0181903
12.12766;-2;-0.0181903
12.12838;-2;-0.02856
12.12854;-2;-0.0242839
12.12922;-1.90677;-0.0242839
12.12966;-2;-0.0242839
13.13013;-1.96406;-0.0242839
13.13054;-1.92553;-0.0242839
13.13105;-1.93655;2
13.13162;-1.24058;-2
13.13206;-1.38176;-0.0237703
13.13267;-1.37637;-0.0237703
13.13313;-1.32036;-0.0237703
13.13365;-1.25734;-0.0237703
13.13437;-0.948215;-0.00622115
13.13476;-0.993333;-0.0134579
13.13529;-0.891777;-0.0134579
13.13573;-0.856051;-0.0134579
13.13641;-0.808382;-0.0134579
13.13675;-0.551754;-0.0149156
13.13743;-0.570999;-0.0143145
13.13779;-0.552154;-0.0143145
13.13842;-0.527042;-0.0143145
13.13876;-0.50781;-0.0143145
13.13935;-0.238984;0.000507993
13.13973;-0.324387;-0.00560437
14.14022;-0.284885;-0.00560437
14.14065;-0.280872;-0.00560437
14.14145;-0.264553;-0.00560437
14.14172;-0.255798;-0.00560437
14.14224;-0.0330997;0.00419454
14.14268;-0.0930826;0.000153749
14.14312;-0.0872229;0.000153749
14.14357;-0.0884936;0.000153749
14.14422;-0.0834373;0.000153749
14.14469;0.105016;0.00740336
14.14529;0.0413443;0.00441383
14.14574;0.0341659;0.00441383
14.14634;0.0261989;0.00441383
14.14666;0.0252996;0.00441383
14.14723;0.0239221;0.0114022
14.14771;0.0224293;0.00852038
14.14834;0.021922;0.00852038
14.14868;0.0206575;0.00852038
14.14931;0.0199895;0.00852038
14.14970;0.185031;0.0108551
15.15029;0.120934;0.00989236
15.15075;0.116122;0.00989236
15.15128;0.100556;0.00989236
15.15167;0.0995682;0.00989236
15.15216;0.237303;0.0161963
15.15261;0.177616;0.0135967
15.15327;0.165026;0.0135967
15.15365;0.158174;0.0135967
15.15424;0.146737;0.0135967
15.15476;0.265361;0.0274235
15.15523;0.212873;0.0217217
15.15565;0.198499;0.0217217
15.15618;0.181545;0.0217217
15.15668;0.175037;0.0217217
15.15726;0.276141;0.0370625
15.15800;0.227042;0.0307364
15.15845;0.213234;0.0307364
15.15865;0.20302;0.0307364
15.15927;0.187798;0.0307364
15.15994;0.291;0.0218819
16.16047;0.243081;0.0255332
16.16126;0.234095;0.0255332
16.16126;0.213962;0.0255332
16.16168;0.208796;0.0255332
16.16230;0.341892;0.118781
16.16283;0.27852;0.0803284
16.16329;0.266543;0.0803284
16.16368;0.246698;0.0803284
16.16429;0.230834;0.0803284
16.16483;0.749538;0.577917
16.16525;0.538088;0.372726
16.16590;0.516735;0.372726
16.16637;0.472553;0.372726
16.16716;0.812797;0.825409
16.16716;0.646013;0.638736
16.16764;0.639225;0.638736
16.16825;0.607236;0.638736
16.16919;0.585636;0.638736
16.16921;0.944921;1.18065
16.16993;0.774167;0.957182
17.17042;0.721175;0.957182
17.17125;0.673948;0.957182
17.17127;1.07127;1.56265
17.17169;0.853263;1.31297
17.17213;0.822074;1.31297
17.17277;0.773296;1.31297
17.17321;1.15641;1.88066
17.17382;0.967194;1.64656
17.17425;0.898929;1.64656
17.17472;0.842748;1.64656
17.17517;0.804811;1.64656
17.17582;1.24408;2
17.17625;1.01874;1.87166
17.17671;0.99703;1.87166
17.17718;1.39119;1.85896
17.17819;1.17016;1.86419
17.17820;-0.836505;1.87689
17.17917;0.00224051;1.87166
17.17919;0.00316546;1.87166
17.17992;0.0104807;1.87166
18.18036;0.00744357;1.87166
18.18113;0.0073902;1.87166
18.18114;0.00738945;1.87166
18.18182;0.00738939;1.87166
18.18225;0.00738936;1.87166
18.18279;0.00738886;1.87166
18.18330;0.0073891;1.87166
18.18388;0.00738873;1.87166
18.18433;0.00738891;1.87166
18.18518;0.00738903;1.87166
18.18518;0.00738885;1.87166
18.18615;0.00738849;1.87166
18.18615;0.00738959;1.87166
18.18681;0.00738788;1.87166
18.18742;0.00738962;1.87166
18.18803;0.00738751;1.87166
18.18853;0.00738899;1.87166
18.18872;0.00738866;1.87166
18.18926;0.00738782;1.87166
18.18998;0.00738818;1.87166
19.19045;0.00738857;1.87166
19.19122;0.00738841;1.87166
19.19122;0.00738841;1.87166
19.19187;0.00738841;1.87166
19.19233;0.00738838;1.87166
19.19309;0.00738839;1.87166
19.19353;0.00738842;1.87166
19.19408;0.00738841;1.87166
19.19453;0.00738882;1.87166
19.19473;0.00738865;1.87166
19.19530;0.00738865;1.87166
19.19620;0.00738865;1.87166
19.19621;0.00738865;1.87166
19.19696;0.00738865;1.87166
19.19758;0.00738865;1.87166
19.19809;0.00738865;1.87166
19.19843;0.00738865;1.87166
19.19900;0.00738865;1.87166
19.19950;0.00738865;1.87166
19.19973;0.00738865;1.87166
20.20017;0.00738865;1.87166
20.20098;0.00738865;1.87166
20.20143;0.00738865;1.87166
20.20173;0.00738865;1.87166
20.20217;0.00738865;1.87166
20.20275;0.00738865;1.87166
20.20335;0.00738865;1.87166
20.20391;0.00738865;1.87166
20.20437;0.00738865;1.87166
20.20501;0.00738865;1.87166
20.20550;0.00738865;1.87166
20.20604;0.00738865;1.87166
20.20649;0.00738865;1.87166
20.20706;0.00738865;1.87166
20.20742;0.00738865;1.87166
20.20792;0.00738865;1.87166
20.20837;0.00738865;1.87166
20.20918;0.00738865;1.87166
20.20919;0.00738865;1.87166
21.21000;0.00738865;1.87166
21.21044;0.00738865;1.87166
21.21098;0.00738865;1.87166
21.21150;0.00738865;1.87166
21.21196;0.00738865;1.87166
21.21246;0.00738865;1.87166
21.21298;0.00738865;1.87166
21.21347;0.00738865;1.87166
21.21374;0.00738865;1.87166
21.21417;0.00738865;1.87166
21.21506;0.00738865;1.87166
21.21542;0.00738865;1.87166
21.21594;0.00738865;1.87166
21.21637;0.00738865;1.87166
21.21694;0.00738865;1.87166
21.21748;0.00738865;1.87166
21.21771;0.00738865;1.87166
21.21817;0.00738865;1.87166
21.21893;0.00738865;1.87166
21.21938;0.00738865;1.87166
21.21990;0.00738865;1.87166
22.22037;0.00738865;1.87166
22.22110;0.00738865;1.87166
22.22160;0.00738865;1.87166
22.22183;0.00738865;1.87166
22.22224;0.00738865;1.87166
22.22271;0.00738865;1.87166
22.22331;0.00738865;1.87166
22.22383;0.00738865;1.87166
22.22433;0.00738865;1.87166
22.22501;0.00738865;1.87166
22.22550;0.00738865;1.87166
22.22614;0.00738865;1.87166
22.22647;0.00738865;1.87166
22.22701;0.00738865;1.87166
22.22737;0.00738865;1.87166
22.22783;0.00738865;1.87166
22.22829;0.00738865;1.87166
22.22908;0.00738865;1.87166
22.22937;0.00738865;1.87166
22.22989;0.00738865;1.87166
23.23037;0.00738865;1.87166
23.23111;0.00738865;1.87166
23.23138;0.00738865;1.87166
23.23203;0.00738865;1.87166
23.23232;0.00738865;1.87166
23.23294;0.00738865;1.87166
23.23339;0.00738865;1.87166
23.23380;0.00738865;1.87166
23.23437;0.00738865;1.87166
23.23506;0.00738865;1.87166
23.23556;0.00738865;1.87166
23.23611;0.00738865;1.87166
23.23668;0.00738865;1.87166
23.23721;0.00738865;1.87166
23.23777;0.00738865;1.87166
23.23825;0.00738865;1.87166
23.23855;0.00738865;1.87166
23.23901;0.00738865;1.87166
23.23955;0.00738865;1.87166
24.24031;0.00738865;1.87166
24.24056;0.00738865;1.87166
24.24105;0.00738865;1.87166
24.24195;0.00738865;1.87166
24.24196;0.00738865;1.87166
24.24263;0.00738865;1.87166
24.24314;0.00738865;1.87166
24.24383;0.00738865;1.87166
24.24424;0.00738865;1.87166
24.24478;0.00738865;1.87166
24.24534;0.00738865;1.87166
0.257;0.235857;0.144007
0.307;0.138597;0.0846225
0.379;0.138597;0.0846225
0.435;0.138597;0.0846225
0.491;0.138597;0.0846225
0.527;0.138597;0.0846225
0.566;0.138597;0.0846225
0.610;0.138597;0.0846225
0.692;0.138597;0.0846225
0.722;0.138203;0.0846225
0.767;0.137496;0.0846225
0.810;0.136831;0.0846225
0.857;0.135579;0.0846225
0.902;0.134618;0.0846225
0.970;0.131878;0.0846225
1.1015;0.130903;0.0846225
1.1095;0.128363;0.0846225
1.1123;0.124776;0.0846225
1.1166;0.122948;0.0846225
1.1214;0.116949;0.0846225
1.1275;0.115349;0.0846225
1.1318;0.112338;0.0846225
1.1379;0.106532;0.0846225
1.1430;0.134608;0.0846225
1.1491;0.117603;0.0846225
1.1533;0.112504;0.0846225
1.1572;0.10626;0.0846225
1.1619;0.101353;0.0846225
1.1681;0.248324;0.300557
1.1721;0.187465;0.211512
1.1775;0.180711;0.211512
1.1826;0.168609;0.211512
1.1884;0.161426;0.211512
1.1917;0.390322;0.605858
1.1968;0.295866;0.443241
2.2011;0.290005;0.443241
2.2082;0.264842;0.443241
2.2132;0.255401;0.443241
2.2184;0.94562;1.40419
2.2220;0.670747;1.00792
2.2275;0.647053;1.00792
2.2319;0.581285;1.00792
2.2399;0.916284;1.6498
2.2409;0.762619;1.38511
2.2461;0.733831;1.38511
2.2515;0.699343;1.38511
2.2571;1.06381;1.97733
2.2616;0.874209;1.73312
2.2683;0.811791;1.73312
2.2733;0.805077;1.73312
2.2810;1.16144;1.89228
2.2821;0.974101;1.82665
2.2875;0.93054;1.82665
2.2928;1.33314;1.66702
3.3002;1.11;1.73285
3.3026;1.08896;1.73285
3.3083;0.985225;1.73285
3.3158;1.36715;1.70608
3.3202;1.16562;1.71712
3.3232;1.10605;1.71712
3.3274;1.46288;1.36693
3.3358;1.26944;1.51133
3.3403;1.17008;1.51133
3.3476;1.10505;1.51133
3.3477;1.40734;1.28566
3.3559;1.1969;1.37872
3.3607;1.13337;1.37872
3.3673;1.32563;1.41057
3.3674;1.18986;1.39744
3.3755;1.1186;1.39744
3.3802;1.08976;1.39744
3.3844;1.22002;1.03005
3.3886;1.07683;1.18155
3.3938;1.03229;1.18155
4.4004;0.993506;0.695986
4.4027;0.909931;0.896218
4.4083;0.895816;0.896218
4.4157;0.867588;0.896218
4.4203;0.968949;0.309699
4.4240;0.874169;0.551562
4.4287;0.850998;0.551562
4.4355;0.874998;0.0456694
4.4402;0.821992;0.254285
4.4468;0.779031;0.254285
4.4503;0.753225;0.254285
4.4543;0.748458;-0.0709565
4.4574;0.69704;0.0631637
4.4676;0.675277;0.0631637
4.4676;0.629592;0.0631637
4.4752;0.630198;-0.0874816
4.4803;0.589924;-0.0253598
4.4827;0.541408;-0.0253598
4.4885;0.530564;-0.0253598
4.4947;0.506046;-0.0259968
4.4990;0.478712;-0.0257342
5.5062;0.445419;-0.0257342
5.5091;0.434653;-0.0257342
5.5152;0.387628;-0.00237406
5.5195;0.345824;-0.0120071
5.5276;0.305434;-0.0120071
5.5276;0.255799;-0.0120071
5.5330;0.199845;-0.0120071
5.5408;0.146877;0.000969931
5.5459;0.0325254;-0.00438142
5.5511;0.0712674;-0.00438142
5.5539;-0.179938;-0.00438142
5.5624;-0.258554;-0.0603388
5.5671;-0.297608;-0.0372636
5.5702;-0.433826;-0.0372636
5.5753;-0.48915;-0.0372636
5.5799;-0.574171;-0.0372636
5.5867;-0.908208;-0.223356
5.5911;-0.900244;-0.146617
5.5954;-1.03113;-0.146617
6.6000;-1.18264;-0.146617
6.6074;-1.24921;-0.146617
6.6103;-1.64918;-0.492805
6.6162;-1.66404;-0.350047
6.6212;-1.72268;-0.350047
6.6246;-1.86659;-0.350047
6.6292;-1.9554;-0.350047
6.6354;-2;-0.350047
6.6398;-2;-0.923763
6.6471;-2;-0.687179
6.6520;-2;-0.687179
6.6554;-2;-0.687179
6.6598;-2;-1.56932
6.6664;-2;-1.20555
6.6708;-2;-1.20555
6.6783;-2;-1.20555
6.6800;-2;-1.20555
6.6871;-2;-2
6.6900;-2;-2
6.6983;-2;-2
7.7014;-2;-2
7.7058;-2;-2
7.7118;-2;-2
7.7149;-2;-2
7.7202;-2;-2
7.7259;-2;-2
7.7300;-2;-2
7.7384;-2;-2
7.7404;-2;-2
7.7463;-2;-2
7.7509;-2;-2
7.7555;-2;-2
7.7625;-2;-1.95344
7.7676;-2;-2
7.7720;-2;-2
7.7786;-2;-2
7.7834;-2;-2
7.7877;-2;-2
7.7921;-2;-1.75093
7.7974;-2;-1.93559
8.8015;-2;-1.93559
8.8059;-2;-1.93559
8.8161;-2;-1.93559
8.8161;-2;-1.16376
8.8217;-2;-1.48204
8.8262;-2;-1.48204
8.8343;-2;-1.48204
8.8395;-2;-1.48204
8.8418;-2;-1.48204
8.8463;-1.79238;-0.373203
8.8546;-1.68883;-0.830454
8.8590;-1.66197;-0.830454
8.8639;-1.56105;-0.830454
8.8687;-1.50897;-0.830454
8.8745;-1.18949;0.170644
8.8790;-1.16195;-0.24218
8.8829;-1.14997;-0.24218
8.8874;-1.03033;-0.24218
8.8912;-0.776739;0.139418
8.8972;-0.825785;-0.0179421
9.9008;-0.774693;-0.0179421
9.9071;-0.53768;-0.167536
9.9145;-0.578278;-0.105848
9.9190;-0.55569;-0.105848
9.9220;-0.53423;-0.105848
9.9262;-0.507515;-0.105848
9.9361;-0.155086;0.00600715
9.9361;-0.264234;-0.0401185
9.9409;-0.227966;-0.0401185
9.9469;-0.209522;-0.0401185
9.9543;-0.208416;-0.0401185
9.9586;-0.0733591;0.0226129
9.9656;-0.110261;-0.00325572
9.9658;-0.0984185;-0.00325572
9.9742;-0.0972924;-0.00325572
9.9787;0.0186431;0.00321304
9.9821;-0.0192387;0.000545509
9.9867;-0.0154985;0.000545509
9.9924;-0.0171844;0.000545509
9.9971;-0.0163834;0.000545509
10.10026;0.0833781;0.0525013
10.10065;0.0453884;0.0310762
10.10128;0.0476034;0.0310762
10.10170;0.0418706;0.0310762
10.10244;0.0397717;0.0310762
10.10265;0.127063;0.024562
10.10355;0.0904422;0.0272483
10.10356;0.0853557;0.0272483
10.10451;0.0773889;0.0272483
10.10454;0.073582;0.0272483
10.10549;0.0683413;0.00991822
10.10577;0.0669174;0.0170646
10.10648;0.0630359;0.0170646
10.10663;0.0599947;0.0170646
10.10751;0.115734;0.0180719
10.10755;0.0912619;0.0176565
10.10813;0.0888714;0.0176565
10.10863;0.0855937;0.0176565
10.10933;0.0782542;0.0176565
10.10978;0.125432;-0.0539095
11.11007;0.102549;-0.0243978
11.11055;0.100712;-0.0243978
11.11128;0.0924257;-0.0243978
11.11171;0.0905747;-0.0243978
11.11236;0.151583;0.0868326
11.11267;0.123659;0.0409644
11.11336;0.119446;0.0409644
11.11386;0.114838;0.0409644
11.11451;0.105241;0.0409644
11.11480;0.212861;0.0496417
11.11526;0.165878;0.0460634
11.11575;0.161827;0.0460634
11.11648;0.14845;0.0460634
11.11686;0.147717;0.0460634
11.11731;0.333295;0.232355
11.11774;0.255259;0.155534
11.11847;0.241611;0.155534
11.11886;0.234325;0.155534
11.11929;0.495718;0.44948
11.11974;0.38457;0.328265
12.12044;0.369965;0.328265
12.12086;0.351958;0.328265
12.12130;0.32357;0.328265
12.12175;1.04874;1.26472
12.12243;0.755967;0.878553
12.12283;0.696819;0.878553
12.12340;0.648099;0.878553
12.12380;1.01333;1.5
12.12412;0.83287;1.24373
12.12459;0.791672;1.24373
12.12515;0.751485;1.24373
12.12563;1.12328;1.72183
12.12647;0.926505;1.52468
12.12655;0.891825;1.52468
12.12743;0.829994;1.52468
12.12771;1.20986;1.84624
12.12832;1.00069;1.71364
12.12879;0.963131;1.71364
12.12940;1.32074;1.69724
12.12969;1.1064;1.704
13.13036;1.07521;1.704
13.13080;1.0057;1.704
13.13129;1.38599;1.58598
13.13174;1.19113;1.63465
13.13254;1.11593;1.63465
13.13272;1.49424;1.54051
13.13336;1.28954;1.57933
13.13379;1.22726;1.57933
13.13440;1.15811;1.57933
13.13478;1.4898;1.23597
13.13535;1.2865;1.37756
13.13574;1.20051;1.37756
13.13646;1.47531;1.39353
13.13675;1.28742;1.38694
13.13736;1.2118;1.38694
13.13771;1.15551;1.38694
13.13844;1.34033;1.23646
13.13882;1.21062;1.29852
13.13922;1.17065;1.29852
13.13966;1.05796;0.963163
14.14028;1.04133;1.10145
14.14075;0.990695;1.10145
14.14141;0.948732;1.10145
14.14180;1.10775;0.661245
14.14239;0.958977;0.842774
14.14289;0.924472;0.842774
14.14342;0.893546;0.842774
14.14387;0.979926;0.240142
14.14446;0.861234;0.48865
14.14459;0.886973;0.48865
14.14510;0.866725;0.48865
14.14593;0.773461;-0.0428801
14.14660;0.760395;0.176308
14.14662;0.705653;0.176308
14.14711;0.704129;-0.0976532
14.14759;0.673302;0.0153204
14.14842;0.626321;0.0153204
14.14872;0.611244;0.0153204
14.14915;0.57751;-0.0784366
14.14962;0.55778;-0.0397739
15.15011;0.507943;-0.0397739
15.15059;0.499965;-0.0397739
15.15141;0.450212;-0.0464606
15.15179;0.435405;-0.0437032
15.15235;0.403146;-0.0437032
15.15265;0.394263;-0.0437032
15.15343;0.366775;-0.0437032
15.15371;0.311425;-0.00486546
15.15426;0.312787;-0.020881
15.15462;0.293036;-0.020881
15.15551;0.273776;-0.020881
15.15569;0.251724;-0.115858
15.15632;0.235037;-0.0766922
15.15661;0.224947;-0.0766922
15.15750;0.218014;-0.0766922
15.15789;0.205948;-0.0766922
15.15839;0.172911;0.05372
15.15867;0.155753;-5.82324e-05
15.15935;0.133146;-5.82324e-05
15.15984;0.0933066;-5.82324e-05
16.16026;0.020291;0.0140587
16.16063;-0.00474294;0.00823729
16.16121;-0.0836677;0.00823729
16.16180;-0.14004;0.00823729
16.16230;-0.185083;0.00823729
16.16262;-0.311136;-0.013747
16.16354;-0.396873;-0.00468129
16.16362;-0.440375;-0.00468129
16.16427;-0.568265;-0.00468129
16.16464;-0.649435;-0.00468129
16.16551;-0.910058;-0.0949435
16.16598;-0.905172;-0.057722
16.16640;-1.02199;-0.057722
16.16670;-1.085;-0.057722
16.16759;-1.24357;-0.057722
16.16785;-1.33973;-0.151475
16.16830;-1.4591;-0.112814
16.16933;-1.52927;-0.112814
16.16933;-1.67749;-0.112814
16.16980;-1.7655;-0.112814
17.17023;-1.88852;-0.260961
17.17086;-1.92466;-0.19987
17.17118;-2;-0.19987
17.17174;-2;-0.19987
17.17227;-2;-0.19987
17.17317;-2;-0.448979
17.17318;-2;-0.346253
17.17395;-2;-0.346253
17.17439;-2;-0.346253
17.17512;-2;-0.736544
17.17554;-2;-0.575599
17.17567;-2;-0.575599
17.17627;-2;-0.575599
17.17702;-2;-0.575599
17.17746;-2;-1.03512
17.17823;-2;-0.845626
17.17823;-2;-0.845626
17.17872;-2;-0.845626
17.17963;-2;-0.845626
18.18023;-2;-1.05316
18.18024;-2;-0.967579
18.18102;-2;-0.967579
18.18150;-2;-0.967579
18.18188;-2;-0.967579
18.18235;-2;-0.967579
18.18302;-2;-0.967579
18.18347;-2;-0.493712
18.18379;-2;-0.689121
18.18423;-2;-0.689121
18.18482;-2;-0.689121
18.18520;-2;-0.689121
18.18613;-2;-1.27275
18.18634;-2;-1.03208
18.18719;-2;-1.03208
18.18721;-1.9425;-1.03208
18.18793;-1.76633;-1.0689
18.18833;-1.73836;-1.05371
18.18901;-1.63416;-1.05371
18.18946;-1.55868;-1.05371
19.19011;-1.26885;-0.690953
19.19031;-1.30266;-0.840545
19.19117;-1.18719;-0.840545
19.19120;-1.21688;-0.840545
19.19209;-0.835607;-0.679627
19.19229;-0.918932;-0.745985
19.19323;-0.861488;-0.745985
19.19328;-0.852366;-0.745985
19.19407;-0.430844;-0.426648
19.19432;-0.55182;-0.558334
19.19507;-0.513089;-0.558334
19.19533;-0.130047;0.365215
19.19588;-0.246984;-0.0156301
19.19630;-0.244492;-0.0156301
19.19691;-0.247834;-0.0156301
19.19735;0.207183;0.444445
19.19811;0.0726621;0.254723
19.19845;0.0631278;0.254723
19.19900;0.451424;1.74022
19.19954;0.304944;1.12764
19.19981;0.312015;1.12764
20.20026;0.293073;0.366613
20.20083;0.280816;0.68044
20.20118;0.0462519;-0.10105
20.20177;0.117289;0.221214
20.20222;0.12757;0.221214
20.20293;-0.159783;-0.86839
20.20338;-0.0678854;-0.419069
20.20402;-0.465102;-1.44366
20.20426;-0.305813;-1.02115
20.20508;-0.314147;-1.02115
20.20534;-0.671607;-2
20.20599;-0.529447;-1.94773
20.20624;-0.502285;-1.94773
20.20708;-0.785462;-2
20.20736;-0.659762;-2
20.20796;-0.647457;-2
20.20827;-0.859437;-0.996207
20.20912;-0.754665;-1.60675
20.20938;-0.981189;-0.591606
20.20999;-0.855594;-1.01022
21.21026;-0.830806;-1.01022
21.21097;-0.927412;-0.659406
21.21147;-0.842395;-0.804073
21.21214;-0.809713;-0.804073
21.21236;-0.857499;0.247163
21.21291;-0.821022;-0.186336
21.21339;-0.847937;0.0501392
21.21426;-0.8337;-0.0473765
21.21448;-0.842867;-0.0473765
21.21527;-0.869801;-0.0299341
21.21546;-0.889137;-0.0371268
21.21604;-0.912528;-0.0371268
21.21638;-0.984757;-0.0377075
21.21710;-1.02669;-0.037468
21.21740;-1.06536;-0.037468
21.21812;-1.16193;-0.037468
21.21847;-1.12338;-0.0188314
21.21935;-1.19846;-0.0265166
21.21960;-1.27914;-0.0265166
22.22003;-1.36551;-0.0265166
22.22038;-1.45576;-0.0265166
22.22105;-1.47266;-0.0465197
22.22151;-1.58224;-0.038271
22.22211;-1.64603;-0.038271
22.22288;-1.7197;-0.038271
22.22290;-1.8823;-0.038271
22.22339;-1.91859;-0.038271
22.22403;-1.85266;-0.0562638
22.22487;-1.92669;-0.0488441
22.22490;-2;-0.0488441
22.22539;-2;-0.0488441
22.22603;-2;-0.0740199
22.22641;-2;-0.0636381
22.22691;-2;-0.0636381
22.22740;-2;-0.0636381
22.22801;-2;-0.0870645
22.22848;-2;-0.0774041
22.22923;-2;-0.0774041
22.22964;-2;-0.0774041
23.23011;-2;2
23.23051;-2;2
23.23119;-2;2
23.23144;-1.8988;-2
23.23202;-2;0.0141297
23.23244;-2;0.0141297
23.23323;-2;0.0111791
23.23397;-2;0.0123958
23.23397;-1.75043;0.0123958
23.23452;-1.82556;0.0123958
23.23506;-1.81074;0.0123958
23.23566;-1.66532;0.0123958
23.23633;-1.61148;-0.000617642
23.23672;-1.30921;0.00474873
23.23723;-1.32603;0.00474873
23.23787;-1.27643;0.00474873
23.23793;-1.17963;0.00474873
23.23866;-1.11983;0.00474873
23.23912;-0.829369;0.00971232
23.23959;-0.853345;0.00766548
24.24002;-0.784279;0.00766548
24.24059;-0.754933;0.00766548
24.24102;-0.729458;0.00766548
24.24174;-0.438245;0.066712
24.24218;-0.494199;0.0423629
24.24252;-0.453652;0.0423629
24.24307;-0.436171;0.0423629
24.24352;-0.405417;0.0102229
24.24427;-0.387852;0.0234765
24.24453;-0.367203;0.0234765
24.24507;-0.354776;0.0234765
24.24576;-0.33418;0.0234765
24.24622;-0.0641671;0.0352235
24.24664;-0.135908;0.0303794
24.24710;-0.135706;0.0303794
24.24748;-0.132904;0.0303794
24.24840;-0.131238;0.0303794
24.24849;0.100679;0.0406365
24.24899;0.0224325;0.0364068
24.24950;0.0139958;0.0364068
25.25000;0.0092082;0.0364068
25.25070;0.0102113;0.0364068
25.25106;0.208108;0.00409577
25.25183;0.132824;0.0174199
25.25230;0.117022;0.0174199
25.25265;0.111324;0.0174199
25.25315;0.0994681;0.0174199
25.25363;0.262898;0.00149661
25.25406;0.194906;0.00806291
25.25493;0.182682;0.00806291
25.25540;0.173536;0.00806291
25.25563;0.167945;0.00806291
25.25607;0.300544;0.053361
25.25656;0.240708;0.0346814
25.25699;0.221792;0.0346814
25.25769;0.211667;0.0346814
25.25815;0.206327;0.0346814
25.25863;0.313745;-0.00183626
25.25911;0.262092;0.0132226
25.25984;0.246227;0.0132226
26.26030;0.234875;0.0132226
26.26094;0.22769;-0.0787424
26.26133;0.2164;-0.0408187
26.26193;0.207553;-0.0408187
26.26231;0.196157;-0.0408187
26.26285;0.189923;-0.0408187
26.26336;0.185891;-0.0327926
26.26369;0.179059;-0.0361023
26.26416;0.171917;-0.0361023
26.26495;0.171607;-0.0361023
26.26525;0.163405;-0.0147874
26.26588;0.162912;-0.0235771
26.26641;0.160047;-0.0235771
26.26703;0.159102;-0.0235771
26.26704;0.159185;0.0277193
26.26764;0.161114;0.00656617
26.26811;0.163727;0.00656617
26.26894;0.169709;0.00656617
26.26934;0.176175;0.00656617
26.26959;0.199742;0.00633974
27.27002;0.223962;0.00643311
27.27087;0.26977;0.00643311
27.27115;0.331786;0.00643311
27.27159;0.55934;0
27.27202;2;0
27.27283;1.63975;0
27.27320;1.63516;0
27.27380;1.62873;0
27.27432;1.63216;0
27.27486;1.63216;0
27.27525;1.63216;0
27.27580;1.63216;0
27.27624;1.63216;0
27.27676;1.63216;0
27.27722;1.63217;0
27.27756;1.63217;0
27.27802;1.63217;0
27.27891;1.63217;0
27.27928;1.63217;0
27.27984;1.63217;0
28.28031;1.63217;0
28.28087;1.63217;0
28.28121;1.63217;0
28.28174;1.63217;0
28.28219;1.63217;0
28.28282;1.63217;0
28.28337;1.63217;0
28.28359;1.63217;0
28.28401;1.63217;0
28.28495;1.63217;0
28.28520;1.63217;0
28.28558;1.63217;0
28.28602;1.63217;0
28.28675;1.63217;0
28.28728;1.63217;0
28.28775;1.63217;0
28.28823;1.63217;0
28.28863;1.63217;0
28.28907;1.63217;0
28.28955;1.63217;0
28.28998;1.63217;0
29.29083;1.63217;0
29.29125;1.63217;0
29.29171;1.63217;0
29.29214;1.63217;0
29.29283;1.63217;0
29.29327;1.63217;0
29.29376;1.63217;0
29.29418;1.63217;0
29.29480;1.63217;0
29.29514;1.63217;0
29.29557;1.63217;0
29.29606;1.63217;0
29.29658;1.63217;0
29.29706;1.63217;0
29.29772;1.63217;0
29.29827;1.63217;0
29.29861;1.63217;0
29.29906;1.63217;0
29.29999;1.63217;0
30.30001;1.63217;0
30.30070;1.63217;0
30.30125;1.63217;0
30.30179;1.63217;0
30.30228;1.63217;0
30.30265;1.63217;0
30.30315;1.63217;0
30.30389;1.63217;0
30.30425;1.63217;0
30.30475;1.63217;0
30.30517;1.63217;0
30.30566;1.63217;0
30.30614;1.63217;0
30.30679;1.63217;0
30.30733;1.63217;0
30.30787;1.63217;0
30.30828;1.63217;0
30.30896;1.63217;0
30.30925;1.63217;0
30.30969;1.63217;0
31.31009;1.63217;0
31.31057;1.63217;0
31.31107;1.63217;0
31.31187;1.63217;0
31.31227;1.63217;0
31.31282;1.63217;0
31.31323;1.63217;0
31.31368;1.63217;0
31.31410;1.63217;0
31.31484;1.63217;0
31.31529;1.63217;0
31.31568;1.63217;0
31.31619;1.63217;0
31.31683;1.63217;0
31.31717;1.63217;0
31.31795;1.63217;0
31.31820;1.63217;0
31.31896;1.63217;0
31.31918;1.63217;0
31.31975;1.63217;0
32.32019;1.63217;0
32.32095;1.63217;0
32.32118;1.63217;0
32.32174;1.63217;0
32.32217;1.63217;0
32.32295;1.63217;0
32.32325;1.63217;0
32.32384;1.63217;0
32.32426;1.63217;0
32.32476;1.63217;0
32.32526;1.63217;0
32.32586;1.63217;0
32.32609;1.63217;0
32.32687;1.63217;0
32.32709;1.63217;0
32.32764;1.63217;0
32.32822;1.63217;0
32.32876;1.63217;0
32.32931;1.63217;0
32.32977;1.63217;0
33.33027;1.63217;0
33.33082;1.63217;0
33.33153;1.63217;0
33.33156;1.63217;0
33.33248;1.63217;0
33.33295;1.63217;0
33.33355;1.63217;0
33.33398;1.63217;0
33.33424;1.63217;0
33.33471;1.63217;0
33.33509;1.63217;0
33.33567;1.63217;0
33.33626;1.63217;0
33.33671;1.63217;0
33.33750;1.63217;0
33.33756;1.63217;0
33.33824;1.63217;0
33.33889;1.63217;0
33.33934;1.63217;0
33.33984;1.63217;0
34.34018;1.63217;0
34.34066;1.63217;0
34.34152;1.63217;0
34.34198;1.63217;0
34.34219;1.63217;0
34.34262;1.63217;0
34.34365;1.63217;0
34.34370;1.63217;0
34.34441;1.63217;0
34.34492;1.63217;0
34.34559;1.63217;0
34.34560;1.63217;0
34.34639;1.63217;0
34.34682;1.63217;0
34.34746;1.63217;0
34.34795;1.63217;0
34.34808;1.63217;0
34.34863;1.63217;0
34.34947;1.63217;0
34.34995;1.63217;0
35.35006;1.63217;0
35.35057;1.63217;0
35.35126;1.63217;0
35.35195;1.63217;0
35.35242;1.63217;0
35.35295;1.63217;0
35.35317;1.63217;0
35.35358;1.63217;0
35.35424;1.63217;0
35.35470;1.63217;0
35.35530;1.63217;0
35.35569;1.63217;0
35.35622;1.63217;0
35.35716;1.63217;0
35.35716;1.63217;0
35.35763;1.63217;0
35.35829;-0.93624;0
35.35884;0.122897;0
35.35933;0.122897;0
35.35981;0.122897;0
36.36035;0.122897;0
36.36082;0.122897;0
36.36132;0.122897;0
36.36183;0.122897;0
36.36252;0.122897;0
36.36294;0.122897;0
36.36342;0.122897;0
36.36390;0.122897;0
36.36451;0.122897;0
36.36493;0.122897;0
36.36539;0.122897;0
36.36583;0.122897;0
36.36655;0.122897;0
36.36695;0.122897;0
36.36750;0.122897;0
36.36788;0.122897;0
36.36829;0.122897;0
36.36879;0.122897;0
36.36938;0.122897;0
36.36986;0.122897;0
37.37028;0.122897;0
37.37075;0.122897;0
37.37136;0.122897;0
37.37178;0.122897;0
37.37254;0.122897;0
37.37288;0.122897;0
37.37340;0.122897;0
37.37384;0.122897;0
37.37439;0.122897;0
37.37490;0.122897;0
37.37550;0.122897;0
37.37583;0.122897;0
37.37639;0.122897;0
37.37691;0.122897;0
37.37747;0.122897;0
37.37781;0.122897;0
37.37823;0.122897;0
37.37867;0.122897;0
37.37937;0.122897;0
37.37982;0.122897;0
38.38020;0.122897;0
38.38063;0.122897;0
38.38133;0.122897;0
38.38178;0.122897;0
38.38251;0.122897;0
38.38285;0.122897;0
38.38333;0.122897;0
38.38382;0.122897;0
38.38450;0.122897;0
38.38498;0.122897;0
38.38542;0.122897;0
38.38571;0.122897;0
38.38671;0.122897;0
38.38672;0.122897;0
38.38723;0.122897;0
38.38770;0.122897;0
38.38835;0.122897;0
38.38882;0.122897;0
38.38959;0.122897;0
38.38980;0.122897;0
39.39031;0.122897;0
39.39129;0.122897;0
39.39129;0.122897;0
39.39178;0.122897;0
39.39243;0.122897;0
39.39286;0.122897;0
39.39342;0.122897;0
39.39381;0.122897;0
39.39440;0.122897;0
39.39477;0.122897;0
39.39559;0.122897;0
39.39577;0.122897;0
39.39622;0.122897;0
39.39673;0.122897;0
39.39737;0.122897;0
39.39786;0.122897;0
39.39840;0.122897;0
39.39915;0.122897;0
39.39966;0.122897;0
40.40014;0.122897;0
40.40067;0.122897;0
40.40098;0.122897;0
40.40139;0.122897;0
40.40208;0.122897;0
40.40250;0.122897;0
40.40325;0.122897;0
40.40369;0.122897;0
40.40394;0.122897;0
40.40439;0.122897;0
40.40522;0.122897;0
40.40570;0.122897;0
40.40626;0.122897;0
40.40676;0.122897;0
40.40706;0.122897;0
40.40764;0.122897;0
40.40806;0.122897;0
40.40854;0.122897;0
40.40886;0.122897;0
40.40960;0.122897;0
41.41010;0.122897;0
41.41080;0.122897;0
41.41126;0.122897;0
41.41162;0.122897;0
41.41210;0.122897;0
41.41267;0.122897;0
41.41323;0.122897;0
41.41368;0.122897;0
41.41427;0.122897;0
41.41475;0.122897;0
41.41522;0.122897;0
41.41567;0.122897;0
41.41623;0.122897;0
41.41677;0.122897;0
41.41720;0.122897;0
41.41765;0.122897;0
41.41814;0.122897;0
41.41864;0.122897;0
41.41915;0.122897;0
41.41966;0.122897;0
42.42026;0.122897;0
42.42068;0.122897;0
42.42120;0.122897;0
42.42162;0.122897;0
42.42206;0.122897;0
42.42254;0.122897;0
42.42323;0.122897;0
42.42366;0.122897;0
42.42410;0.122897;0
42.42454;0.122897;0
42.42518;0.122897;0
42.42571;0.122897;0
42.42638;0.122897;0
42.42638;0.122897;0
42.42722;0.122897;0
42.42774;0.122897;0
42.42835;0.122897;0
42.42836;0.122897;0
42.42927;0.122897;0
42.42961;0.122897;0
43.43024;0.122897;0
43.43060;0.122897;0
43.43110;0.122897;0
43.43160;0.122897;0
43.43224;0.122897;0
43.43258;0.122897;0
43.43312;0.122897;0
43.43364;0.122897;0
43.43423;0.122897;0
43.43455;0.122897;0
43.43516;0.122897;0
43.43562;0.122897;0
43.43602;0.122897;0
43.43655;0.122897;0
43.43710;0.122897;0
43.43755;0.122897;0
43.43803;0.122897;0
43.43846;0.122897;0
43.43892;0.122897;0
43.43937;0.122897;0
44.44028;0.122897;0
44.44036;0.122897;0
44.44119;0.122897;0
44.44158;0.122897;0
44.44223;0.122897;0
44.44254;0.122897;0
44.44313;0.122897;0
44.44364;0.122897;0
44.44424;0.122897;0
44.44465;0.122897;0
44.44499;0.122897;0
44.44559;0.122897;0
44.44615;0.122897;0
44.44647;0.122897;0
44.44695;0.122897;0
44.44744;0.122897;0
44.44798;0.122897;0
44.44843;0.122897;0
44.44893;0.122897;0
44.44938;0.122897;0
44.44997;0.122897;0
45.45042;0.122897;0
45.45107;0.122897;0
45.45150;0.122897;0
45.45219;0.122897;0
45.45259;0.122897;0
45.45309;0.122897;0
45.45358;0.122897;0
45.45415;0.122897;0
45.45464;0.122897;0
45.45519;0.122897;0
45.45563;0.122897;0
45.45615;0.122897;0
45.45658;0.122897;0
45.45703;0.122897;0
45.45746;0.122897;0
45.45810;0.122897;0
45.45856;0.122897;0
45.45905;0.122897;0
45.45947;0.122897;0
45.45996;0.122897;0
46.46038;0.122897;0
46.46101;0.122897;0
46.46146;0.122897;0
46.46220;0.122897;0
46.46252;0.122897;0
46.46308;0.122897;0
46.46370;0.122897;0
46.46414;0.122897;0
46.46451;0.122897;0
46.46501;0.122897;0
46.46558;0.122897;0
46.46624;0.122897;0
46.46664;0.122897;0
46.46719;0.122897;0
46.46754;0.122897;0
46.46832;0.122897;0
46.46857;0.122897;0
46.46904;0.122897;0
46.46947;0.122897;0
46.46995;0.122897;0
47.47043;0.122897;0
47.47114;0.122897;0
47.47161;0.122897;0
47.47216;0.122897;0
47.47259;0.122897;0
47.47312;0.122897;0
47.47352;0.122897;0
47.47400;0.122897;0
47.47490;0.122897;0
47.47505;0.122897;0
47.47570;0.122897;0
47.47635;0.122897;0
47.47687;0.122897;0
47.47738;0.122897;0
47.47788;0.122897;0
47.47835;0.122897;0
47.47868;0.122897;0
47.47908;0.122897;0
47.47959;0.122897;0
48.48012;0.122897;0
48.48076;0.122897;0
48.48123;0.122897;0
48.48159;0.122897;0
48.48211;0.122897;0
48.48266;0.122897;0
48.48315;0.122897;0
48.48358;0.122897;0
48.48450;0.122897;0
48.48499;0.122897;0
48.48521;0.122897;0
48.48584;0.122897;0
48.48661;0.122897;0
48.48662;0.122897;0
48.48710;0.122897;0
48.48804;0.122897;0
48.48847;0.122897;0
48.48895;0.122897;0
48.48940;0.122897;0
48.48999;0.122897;0
49.49047;0.122897;0
49.49097;0.122897;0
49.49133;0.122897;0
49.49195;0.122897;0
49.49243;0.122897;0
49.49290;0.122897;0
49.49333;0.122897;0
49.49395;0.122897;0
49.49441;0.122897;0
49.49493;0.122897;0
49.49538;0.122897;0
49.49605;0.122897;0
49.49608;0.122897;0
49.49689;0.122897;0
49.49734;0.122897;0
49.49799;0.122897;0
49.49834;0.122897;0
49.49889;0.122897;0
49.49942;0.122897;0
49.49999;0.122897;0
50.50034;0.122897;0
50.50086;0.122897;0
50.50136;0.122897;0
50.50200;0.122897;0
50.50232;0.122897;0
50.50263;0.122897;0
50.50310;0.122897;0
50.50364;0.122897;0
50.50415;0.122897;0
50.50495;0.122897;0
50.50541;0.122897;0
50.50590;0.122897;0
50.50622;0.122897;0
50.50668;0.122897;0
50.50727;0.122897;0
50.50781;0.122897;0
50.50869;0.122897;0
50.50869;0.122897;0
50.50927;0.122897;0
50.50970;0.122897;0
51.51052;0.122897;0
51.51104;0.122897;0
51.51127;0.122897;0
51.51181;0.122897;0
51.51234;0.122897;0
51.51291;0.122897;0
51.51326;0.122897;0
51.51424;0.122897;0
51.51424;0.122897;0
51.51487;0.122897;0
51.51554;0.122897;0
51.51620;0.122897;0
51.51622;0.122897;0
51.51668;0.122897;0
51.51763;0.122897;0
51.51811;0.122897;0
51.51849;0.122897;0
51.51911;0.122897;0
51.51944;0.122897;0
52.52003;0.122897;0
52.52035;0.122897;0
52.52111;0.122897;0
52.52125;0.122897;0
52.52187;0.122897;0
52.52286;0.122897;0
52.52286;0.122897;0
52.52324;0.122897;0
52.52374;0.122897;0
52.52426;0.122897;0
52.52487;0.122897;0
52.52525;0.122897;0
52.52591;0.122897;0
52.52625;0.122897;0
52.52683;0.122897;0
52.52742;0.122897;0
52.52796;0.122897;0
52.52837;0.122897;0
52.52895;0.122897;0
52.52926;0.122897;0
52.52988;0.122897;0
53.53026;0.122897;0
53.53086;0.122897;0
53.53127;0.122897;0
53.53211;0.122897;0
53.53266;0.122897;0
53.53273;0.122897;0
53.53366;0.122897;0
53.53373;0.122897;0
53.53437;0.122897;0
53.53486;0.122897;0
53.53573;0.122897;0
53.53575;0.122897;0
53.53630;0.122897;0
53.53685;0.122897;0
53.53748;0.122897;0
53.53790;0.122897;0
53.53849;0.122897;0
53.53884;0.122897;0
53.53945;0.122897;0
53.53994;0.122897;0
54.54060;0.122897;0
54.54106;0.122897;0
54.54162;0.122897;0
54.54212;0.122897;0
54.54236;0.122897;0
54.54278;0.122897;0
54.54340;0.122897;0
54.54389;0.122897;0
54.54435;0.122897;0
54.54477;0.122897;0
54.54563;0.122897;0
54.54608;0.122897;0
54.54645;0.122897;0
54.54690;0.122897;0
54.54766;0.122897;0
54.54811;0.122897;0
54.54830;0.122897;0
54.54890;0.122897;0
54.54938;0.122897;0
54.54985;0.122897;0
55.55051;0.122897;0
55.55094;0.122897;0
55.55159;0.122897;0
55.55210;0.122897;0
55.55238;0.122897;0
55.55279;0.122897;0
55.55363;0.122897;0
55.55406;0.122897;0
55.55438;0.122897;0
55.55490;0.122897;0
55.55560;0.122897;0
55.55606;0.122897;0
55.55645;0.122897;0
55.55690;0.122897;0
55.55760;0.122897;0
55.55803;0.122897;0
55.55841;0.122897;0
55.55887;0.122897;0
55.55963;0.122897;0
56.56011;0.122897;0
56.56045;0.122897;0
56.56090;0.122897;0
56.56155;0.122897;0
56.56202;0.122897;0
56.56251;0.122897;0
56.56299;0.122897;0
56.56372;0.122897;0
56.56419;0.122897;0
56.56446;0.122897;0
56.56495;0.122897;0
56.56560;0.122897;0
56.56602;0.122897;0
56.56667;0.122897;0
56.56707;0.122897;0
56.56755;0.122897;0
56.56799;0.122897;0
56.56844;0.122897;0
56.56890;0.122897;0
56.56962;0.122897;0
57.57007;0.122897;0
57.57038;0.122897;0
57.57082;0.122897;0
57.57146;0.122897;0
57.57194;0.122897;0
57.57277;0.122897;0
57.57278;0.122897;0
57.57367;0.122897;0
57.57416;0.122897;0
57.57437;0.122897;0
57.57482;0.122897;0
57.57551;0.122897;0
57.57594;0.122897;0
57.57637;0.122897;0
57.57683;0.122897;0
57.57751;0.122897;0
57.57795;0.122897;0
57.57866;0.122897;0
57.57905;0.122897;0
57.57952;0.122897;0
57.57998;0.122897;0
58.58050;0.122897;0
58.58098;0.122897;0
58.58139;0.122897;0
58.58182;0.122897;0
58.58236;0.122897;0
58.58278;0.122897;0
58.58352;0.122897;0
58.58396;0.122897;0
58.58435;0.122897;0
58.58479;0.122897;0
58.58550;0.122897;0
58.58597;0.122897;0
58.58639;0.122897;0
58.58683;0.122897;0
58.58755;0.122897;0
58.58804;0.122897;0
58.58854;0.122897;0
58.58903;0.122897;0
58.58933;0.122897;0
58.58982;0.122897;0
59.59060;0.122897;0
59.59105;0.122897;0
59.59138;0.122897;0
59.59183;0.122897;0
59.59271;0.122897;0
59.59276;0.122897;0
59.59346;0.122897;0
59.59395;0.122897;0
59.59459;0.122897;0
59.59520;0.122897;0
59.59571;0.122897;0
59.59643;0.122897;0
59.59677;0.122897;0
59.59732;0.122897;0
59.59779;0.122897;0
59.59828;0.122897;0
59.59871;0.122897;0
59.59907;0.122897;0
59.59981;0.122897;0
60.60030;0.122897;0
60.60074;0.122897;0
60.60145;0.122897;0
60.60191;0.122897;0
60.60233;0.122897;0
60.60282;0.122897;0
60.60351;0.122897;0
60.60399;0.122897;0
60.60423;0.122897;0
60.60470;0.122897;0
60.60548;0.122897;0
60.60588;0.122897;0
60.60611;0.122897;0
60.60654;0.122897;0
60.60720;0.122897;0
60.60760;0.122897;0
60.60809;0.122897;0
60.60863;0.122897;0
60.60957;0.122897;0
60.60957;0.122897;0
61.61030;0.122897;0
61.61087;0.122897;0
61.61151;0.122897;0
61.61199;0.122897;0
61.61217;0.122897;0
61.61275;0.122897;0
61.61362;0.122897;0
61.61362;0.122897;0
61.61428;0.122897;0
61.61473;0.122897;0
61.61518;0.122897;0
61.61580;0.122897;0
61.61622;0.122897;0
61.61678;0.122897;0
61.61725;0.122897;0
61.61763;0.122897;0
61.61853;0.122897;0
61.61887;0.122897;0
61.61934;0.122897;0
61.61982;0.122897;0
62.62051;0.122897;0
62.62054;0.122897;0
62.62135;0.122897;0
62.62178;0.122897;0
62.62255;0.122897;0
62.62256;0.122897;0
62.62337;0.122897;0
62.62382;0.122897;0
62.62441;0.122897;0
62.62489;0.122897;0
62.62534;0.122897;0
62.62584;0.122897;0
62.62640;0.122897;0
62.62688;0.122897;0
62.62749;0.122897;0
62.62783;0.122897;0
62.62822;0.122897;0
62.62867;0.122897;0
62.62935;0.122897;0
62.62978;0.122897;0
63.63039;0.122897;0
63.63079;0.122897;0
63.63132;0.122897;0
63.63183;0.122897;0
63.63247;0.122897;0
63.63285;0.122897;0
63.63342;0.122897;0
63.63399;0.122897;0
63.63446;0.122897;0
63.63466;0.122897;0
63.63513;0.122897;0
63.63563;0.122897;0
63.63607;0.122897;0
63.63661;0.122897;0
63.63733;0.122897;0
63.63781;0.122897;0
63.63835;0.122897;0
63.63884;0.122897;0
63.63923;0.122897;0
63.63975;0.122897;0
64.64043;0.122897;0
64.64081;0.122897;0
64.64128;0.122897;0
64.64174;0.122897;0
64.64225;0.122897;0
64.64275;0.122897;0
64.64339;0.122897;0
64.64386;0.122897;0
64.64453;0.122897;0
64.64457;0.122897;0
64.64528;0.122897;0
64.64570;0.122897;0
64.64638;0.122897;0
64.64677;0.122897;0
64.64724;0.122897;0
64.64766;0.122897;0
64.64848;0.122897;0
64.64886;0.122897;0
64.64928;0.122897;0
64.64974;0.122897;0
65.65019;0.122897;0
65.65073;0.122897;0
65.65129;0.122897;0
65.65177;0.122897;0
65.65235;0.122897;0
65.65271;0.122897;0
65.65324;0.122897;0
65.65375;0.122897;0
65.65438;0.122897;0
65.65473;0.122897;0
65.65537;0.122897;0
65.65567;0.122897;0
65.65635;0.122897;0
65.65678;0.122897;0
65.65751;0.122897;0
65.65757;0.122897;0
65.65817;0.122897;0
65.65862;0.122897;0
65.65927;0.122897;0
65.65976;0.122897;0
66.66030;0.122897;0
66.66067;0.122897;0
66.66119;0.122897;0
66.66170;0.122897;0
66.66232;0.122897;0
66.66270;0.122897;0
66.66328;0.122897;0
66.66375;0.122897;0
66.66429;0.122897;0
66.66477;0.122897;0
66.66561;0.122897;0
66.66564;0.122897;0
66.66643;0.122897;0
66.66682;0.122897;0
66.66724;0.122897;0
66.66774;0.122897;0
66.66832;0.122897;0
66.66874;0.122897;0
66.66916;0.122897;0
66.66967;0.122897;0
67.67036;0.122897;0
67.67071;0.122897;0
67.67148;0.122897;0
67.67183;0.122897;0
67.67238;0.122897;0
67.67275;0.122897;0
67.67355;0.122897;0
67.67387;0.122897;0
67.67431;0.122897;0
67.67476;0.122897;0
67.67527;0.122897;0
67.67571;0.122897;0
67.67635;0.122897;0
67.67723;0.122897;0
67.67724;0.122897;0
67.67774;0.122897;0
67.67835;0.122897;0
67.67911;0.122897;0
67.67963;0.122897;0
68.68024;0.122897;0
68.68025;0.122897;0
68.68089;0.122897;0
68.68167;0.122897;0
68.68215;0.122897;0
68.68293;0.122897;0
68.68295;0.122897;0
68.68354;0.122897;0
68.68420;0.122897;0
68.68463;0.122897;0
68.68528;0.122897;0
68.68530;0.122897;0
68.68599;0.122897;0
68.68647;0.122897;0
68.68723;0.122897;0
68.68728;0.122897;0
68.68819;0.122897;0
68.68863;0.122897;0
68.68910;0.122897;0
68.68958;0.122897;0
68.68993;0.122897;0
69.69038;0.122897;0
69.69098;0.122897;0
69.69142;0.122897;0
69.69195;0.122897;0
69.69238;0.122897;0
69.69320;0.122897;0
69.69335;0.122897;0
69.69386;0.122897;0
69.69443;0.122897;0
69.69488;0.122897;0
69.69538;0.122897;0
69.69591;0.122897;0
69.69636;0.122897;0
69.69715;0.122897;0
69.69759;0.122897;0
69.69827;0.122897;0
69.69873;0.122897;0
69.69918;0.122897;0
69.69959;0.122897;0
70.70016;0.122897;0
70.70055;0.122897;0
70.70091;0.122897;0
70.70147;0.122897;0
70.70203;0.122897;0
70.70239;0.122897;0
70.70295;0.122897;0
70.70341;0.122897;0
70.70394;0.122897;0
70.70443;0.122897;0
70.70523;0.122897;0
70.70554;0.122897;0
70.70627;0.122897;0
70.70666;0.122897;0
70.70704;0.122897;0
70.70747;0.122897;0
70.70815;0.122897;0
70.70860;0.122897;0
70.70912;0.122897;0
70.70966;0.122897;0
71.71010;0.122897;0
71.71054;0.122897;0
71.71138;0.122897;0
71.71140;0.122897;0
71.71189;0.122897;0
71.71240;0.122897;0
71.71323;0.122897;0
71.71361;0.122897;0
71.71419;0.122897;0
71.71448;0.122897;0
71.71503;0.122897;0
71.71543;0.122897;0
71.71604;0.122897;0
71.71658;0.122897;0
71.71716;0.122897;0
71.71759;0.122897;0
71.71793;0.122897;0
71.71850;0.122897;0
71.71903;0.122897;0
71.71945;0.122897;0
71.71999;0.122897;0
72.72047;0.122897;0
72.72127;0.122897;0
72.72158;0.122897;0
72.72228;0.122897;0
72.72263;0.122897;0
72.72324;0.122897;0
72.72368;0.122897;0
72.72421;0.122897;0
72.72471;0.122897;0
72.72533;0.122897;0
72.72566;0.122897;0
72.72615;0.122897;0
72.72663;0.122897;0
72.72728;0.122897;0
72.72779;0.122897;0
72.72817;0.122897;0
72.72889;0.122897;0
72.72891;0.122897;0
72.72958;0.122897;0
73.73006;0.122897;0
73.73055;0.122897;0
73.73135;0.122897;0
73.73160;0.122897;0
73.73227;0.122897;0
73.73252;0.122897;0
73.73308;0.122897;0
73.73376;0.122897;0
73.73418;0.122897;0
73.73480;0.122897;0
73.73512;0.122897;0
73.73567;0.122897;0
73.73605;0.122897;0
73.73652;0.122897;0
73.73698;0.122897;0
73.73767;0.122897;0
73.73806;0.122897;0
73.73854;0.122897;0
73.73902;0.122897;0
73.73987;0.122897;0
74.74035;0.122897;0
74.74082;0.122897;0
74.74130;0.122897;0
74.74205;0.122897;0
74.74206;0.122897;0
74.74250;0.122897;0
74.74315;0.122897;0
74.74347;0.122897;0
74.74397;0.122897;0
74.74465;0.122897;0
74.74523;0.122897;0
74.74587;0.122897;0
74.74636;0.122897;0
74.74661;0.122897;0
74.74706;0.122897;0
74.74769;0.122897;0
74.74815;0.122897;0
74.74896;0.122897;0
74.74898;0.122897;0
74.74987;0.122897;0
75.75030;0.122897;0
75.75060;0.122897;0
75.75107;0.122897;0
75.75192;0.122897;0
75.75223;0.122897;0
75.75259;0.122897;0
75.75327;0.122897;0
75.75371;0.122897;0
75.75422;0.122897;0
75.75478;0.122897;0
75.75535;0.122897;0
75.75585;0.122897;0
75.75623;0.122897;0
75.75655;0.122897;0
75.75702;0.122897;0
75.75782;0.122897;0
75.75826;0.122897;0
75.75878;0.122897;0
75.75923;0.122897;0
75.75987;0.122897;0
76.76034;0.122897;0
76.76095;0.122897;0
76.76099;0.122897;0
76.76180;0.122897;0
76.76222;0.122897;0
76.76291;0.122897;0
76.76323;0.122897;0
76.76382;0.122897;0
76.76430;0.122897;0
76.76491;0.122897;0
76.76533;0.122897;0
76.76588;0.122897;0
76.76630;0.122897;0
76.76683;0.122897;0
76.76731;0.122897;0
76.76782;0.122897;0
76.76830;0.122897;0
76.76888;0.122897;0
76.76922;0.122897;0
76.76983;0.122897;0
77.77026;0.122897;0
77.77084;0.122897;0
77.77130;0.122897;0
77.77179;0.122897;0
77.77222;0.122897;0
77.77275;0.122897;0
77.77310;0.122897;0
77.77354;0.122897;0
77.77407;0.122897;0
77.77456;0.122897;0
77.77526;0.122897;0
77.77556;0.122897;0
77.77620;0.122897;0
77.77671;0.122897;0
77.77717;0.122897;0
77.77777;0.122897;0
77.77822;0.122897;0
77.77880;0.122897;0
77.77919;0.122897;0
77.77975;0.122897;0
78.78018;0.122897;0
78.78085;0.122897;0
78.78123;0.122897;0
78.78178;0.122897;0
78.78221;0.122897;0
78.78279;0.122897;0
78.78321;0.122897;0
78.78372;0.122897;0
78.78414;0.122897;0
78.78478;0.122897;0
78.78574;0.122897;0
78.78575;0.122897;0
78.78619;0.122897;0
78.78669;0.122897;0
78.78719;0.122897;0
78.78770;0.122897;0
78.78814;0.122897;0
78.78865;0.122897;0
78.78915;0.122897;0
78.78979;0.122897;0
79.79020;0.122897;0
79.79075;0.122897;0
79.79119;0.122897;0
79.79211;0.122897;0
79.79243;0.122897;0
79.79291;0.122897;0
79.79327;0.122897;0
79.79369;0.122897;0
79.79464;0.122897;0
79.79465;0.122897;0
79.79565;0.122897;0
79.79567;0.122897;0
79.79635;0.122897;0
79.79678;0.122897;0
79.79724;0.122897;0
79.79781;0.122897;0
79.79829;0.122897;0
79.79882;0.122897;0
79.79963;0.122897;0
80.80011;0.122897;0
80.80017;0.122897;0
80.80074;0.122897;0
80.80166;0.122897;0
80.80167;0.122897;0
80.80250;0.122897;0
80.80302;0.122897;0
80.80347;0.122897;0
80.80391;0.122897;0
80.80435;0.122897;0
80.80479;0.122897;0
80.80562;0.122897;0
80.80607;0.122897;0
80.80623;0.122897;0
80.80680;0.122897;0
80.80759;0.122897;0
80.80803;0.122897;0
80.80837;0.122897;0
80.80887;0.122897;0
80.80966;0.122897;0
81.81007;0.122897;0
81.81029;0.122897;0
81.81075;0.122897;0
81.81163;0.122897;0
81.81206;0.122897;0
81.81270;0.122897;0
81.81304;0.122897;0
81.81349;0.122897;0
81.81402;0.122897;0
81.81454;0.122897;0
81.81542;0.122897;0
81.81542;0.122897;0
81.81588;0.122897;0
81.81662;0.122897;0
81.81707;0.122897;0
81.81753;0.122897;0
81.81798;0.122897;0
81.81872;0.122897;0
81.81914;0.122897;0
81.81966;0.122897;0
82.82008;0.122897;0
82.82063;0.122897;0
82.82109;0.122897;0
82.82156;0.122897;0
82.82199;0.122897;0
82.82264;0.122897;0
82.82303;0.122897;0
82.82359;0.122897;0
82.82404;0.122897;0
82.82451;0.122897;0
82.82501;0.122897;0
82.82560;0.122897;0
82.82600;0.122897;0
82.82653;0.122897;0
82.82710;0.122897;0
82.82759;0.122897;0
82.82803;0.122897;0
82.82871;0.122897;0
82.82879;0.122897;0
82.82961;0.122897;0
83.83003;0.122897;0
83.83046;0.122897;0
83.83098;0.122897;0
83.83168;0.122897;0
83.83208;0.122897;0
83.83263;0.122897;0
83.83298;0.122897;0
83.83357;0.122897;0
83.83397;0.122897;0
83.83459;0.122897;0
83.83503;0.122897;0
83.83563;0.122897;0
83.83599;0.122897;0
83.83656;0.122897;0
83.83705;0.122897;0
83.83751;0.122897;0
83.83794;0.122897;0
83.83863;0.122897;0
83.83897;0.122897;0
83.83946;0.122897;0
83.83991;0.122897;0
84.84059;0.122897;0
84.84103;0.122897;0
84.84150;0.122897;0
84.84194;0.122897;0
84.84260;0.122897;0
84.84294;0.122897;0
84.84361;0.122897;0
84.84407;0.122897;0
84.84450;0.122897;0
84.84503;0.122897;0
84.84559;0.122897;0
84.84613;0.122897;0
84.84669;0.122897;0
84.84682;0.122897;0
84.84733;0.122897;0
84.84795;0.122897;0
84.84888;0.122897;0
84.84889;0.122897;0
84.84944;0.122897;0
84.84990;0.122897;0
85.85061;0.122897;0
85.85108;0.122897;0
85.85174;0.122897;0
85.85203;0.122897;0
85.85241;0.122897;0
85.85292;0.122897;0
85.85351;0.122897;0
85.85403;0.122897;0
85.85491;0.122897;0
85.85491;0.122897;0
85.85544;0.122897;0
85.85609;0.122897;0
85.85655;0.122897;0
85.85690;0.122897;0
85.85741;0.122897;0
85.85800;0.122897;0
85.85845;0.122897;0
85.85899;0.122897;0
85.85967;0.122897;0
85.85996;0.122897;0
86.86050;0.122897;0
86.86104;0.122897;0
86.86148;0.122897;0
86.86221;0.122897;0
86.86271;0.122897;0
86.86319;0.122897;0
86.86360;0.122897;0
86.86422;0.122897;0
86.86473;0.122897;0
86.86529;0.122897;0
86.86575;0.122897;0
86.86600;0.122897;0
86.86672;0.122897;0
86.86713;0.122897;0
86.86763;0.122897;0
86.86807;0.122897;0
86.86896;0.122897;0
86.86917;0.122897;0
86.86967;0.122897;0
87.87031;0.122897;0
87.87062;0.122897;0
87.87123;0.122897;0
87.87184;0.122897;0
87.87232;0.122897;0
87.87279;0.122897;0
87.87335;0.122897;0
87.87378;0.122897;0
87.87433;0.122897;0
87.87482;0.122897;0
87.87506;0.122897;0
87.87554;0.122897;0
87.87619;0.122897;0
87.87662;0.122897;0
87.87714;0.122897;0
87.87766;0.122897;0
87.87804;0.122897;0
87.87866;0.122897;0
87.87914;0.122897;0
87.87962;0.122897;0
88.88009;0.122897;0
88.88055;0.122897;0
88.88116;0.122897;0
88.88163;0.122897;0
88.88225;0.122897;0
88.88273;0.122897;0
88.88339;0.122897;0
88.88382;0.122897;0
88.88431;0.122897;0
88.88474;0.122897;0
88.88543;0.122897;0
88.88547;0.122897;0
88.88622;0.122897;0
88.88667;0.122897;0
88.88716;0.122897;0
88.88765;0.122897;0
88.88832;0.122897;0
88.88882;0.122897;0
88.88939;0.122897;0
88.88972;0.122897;0
89.89023;0.122897;0
89.89075;0.122897;0
89.89128;0.122897;0
89.89183;0.122897;0
89.89230;0.122897;0
89.89274;0.122897;0
89.89340;0.122897;0
89.89393;0.122897;0
89.89453;0.122897;0
89.89457;0.122897;0
89.89520;0.122897;0
89.89557;0.122897;0
89.89604;0.122897;0
89.89695;0.122897;0
89.89738;0.122897;0
89.89782;0.122897;0
89.89839;0.122897;0
89.89880;0.122897;0
89.89913;0.122897;0
89.89959;0.122897;0
90.90037;0.122897;0
90.90068;0.122897;0
90.90110;0.122897;0
90.90155;0.122897;0
90.90238;0.122897;0
90.90280;0.122897;0
90.90345;0.122897;0
90.90366;0.122897;0
90.90411;0.122897;0
90.90467;0.122897;0
90.90519;0.122897;0
90.90562;0.122897;0
90.90615;0.122897;0
90.90664;0.122897;0
90.90739;0.122897;0
90.90782;0.122897;0
90.90809;0.122897;0
90.90855;0.122897;0
90.90943;0.122897;0
90.90978;0.122897;0
91.91037;0.122897;0
91.91066;0.122897;0
91.91120;0.122897;0
91.91168;0.122897;0
91.91230;0.122897;0
91.91273;0.122897;0
91.91328;0.122897;0
91.91375;0.122897;0
91.91449;0.122897;0
91.91475;0.122897;0
91.91543;0.122897;0
91.91570;0.122897;0
91.91615;0.122897;0
91.91658;0.122897;0
91.91708;0.122897;0
91.91766;0.122897;0
91.91835;0.122897;0
91.91892;0.122897;0
91.91967;0.122897;0
91.91968;0.122897;0
92.92023;0.122897;0
92.92103;0.122897;0
92.92147;0.122897;0
92.92231;0.122897;0
92.92231;0.122897;0
92.92296;0.122897;0
92.92342;0.122897;0
92.92380;0.122897;0
92.92428;0.122897;0
92.92477;0.122897;0
92.92528;0.122897;0
92.92623;0.122897;0
92.92630;0.122897;0
92.92672;0.122897;0
92.92759;0.122897;0
92.92769;0.122897;0
92.92823;0.122897;0
92.92871;0.122897;0
92.92934;0.122897;0
92.92989;0.122897;0
93.93034;0.122897;0
93.93078;0.122897;0
93.93155;0.122897;0
93.93171;0.122897;0
93.93264;0.122897;0
93.93285;0.122897;0
93.93333;0.122897;0
93.93431;0.122897;0
93.93433;0.122897;0
93.93485;0.122897;0
93.93554;0.122897;0
93.93599;0.122897;0
93.93650;0.122897;0
93.93709;0.122897;0
93.93718;0.122897;0
93.93772;0.122897;0
93.93832;0.122897;0
93.93870;0.122897;0
93.93935;0.122897;0
94.94025;0.122897;0
94.94026;0.122897;0
94.94116;0.122897;0
94.94163;0.122897;0
94.94178;0.122897;0
94.94223;0.122897;0
94.94284;0.122897;0
94.94326;0.122897;0
94.94430;0.122897;0
94.94430;0.122897;0
94.94523;0.122897;0
94.94525;0.122897;0
94.94591;0.122897;0
94.94634;0.122897;0
94.94690;0.122897;0
94.94733;0.122897;0
94.94782;0.122897;0
94.94831;0.122897;0
94.94907;0.122897;0
94.94962;0.122897;0
95.95016;0.122897;0
95.95051;0.122897;0
95.95091;0.122897;0
95.95134;0.122897;0
95.95221;0.122897;0
95.95222;0.122897;0
95.95279;0.122897;0
95.95332;0.122897;0
95.95412;0.122897;0
95.95458;0.122897;0
95.95506;0.122897;0
95.95538;0.122897;0
95.95582;0.122897;0
95.95634;0.122897;0
95.95686;0.122897;0
95.95730;0.122897;0
95.95816;0.122897;0
95.95861;0.122897;0
95.95886;0.122897;0
95.95930;0.122897;0
96.96013;0.122897;0
96.96060;0.122897;0
96.96093;0.122897;0
96.96139;0.122897;0
0.332;0.228753;0.144007
0.361;0.134422;0.0846225
0.410;0.134085;0.0846225
0.455;0.133548;0.0846225
0.529;0.13273;0.0846225
0.560;0.131647;0.0846225
0.606;0.130311;0.0846225
0.652;0.128849;0.0846225
0.733;0.127066;0.0846225
0.765;0.124945;0.0846225
0.816;0.123214;0.0846225
0.861;0.119183;0.0846225
0.932;0.116354;0.0846225
0.961;0.113035;0.0846225
1.1009;0.109362;0.0846225
1.1052;0.137181;0.0846225
1.1129;0.120359;0.0846225
1.1165;0.113957;0.0846225
1.1207;0.107812;0.0846225
1.1255;0.103245;0.0846225
1.1328;0.0989784;0.0846225
1.1353;0.246862;0.300557
1.1410;0.185461;0.211512
1.1460;0.168569;0.211512
1.1516;0.157131;0.211512
1.1555;0.154674;0.211512
