time;error
0;0.000429861
0.135;0.000529861
0.235;0.000629861
0.321;0.000729861
0.341;0.000733485
0.398;0.0021861
0.442;0.00219848
0.535;0.00684531
0.551;0.00709015
0.622;0.00934997
0.665;0.0125413
0.734;0.0170506
0.736;0.0188767
0.813;0.0191136
0.889;0.0216948
0.895;0.023767
0.949;0.0245733
0.993;0.024752
1.1037;0.0249459
1.1099;0.023564
1.1155;0.0208092
1.1220;0.0184867
1.1265;0.0148612
1.1310;0.0118395
1.1344;0.00956804
1.1405;0.00834802
1.1457;0.00652871
1.1499;0.00548026
1.1562;0.00520149
1.1620;0.00450753
1.1656;0.00437735
1.1733;0.00353544
1.1781;0.00328076
1.1816;0.00285291
1.1872;0.00224019
1.1929;0.00202737
1.1978;0.00151123
2.2016;0.00124984
2.2067;0.000410981
2.2128;0.000279576
2.2174;-0.000295566
2.2216;-0.000652057
2.2263;-0.0011753
2.2324;-0.00137189
2.2378;-0.00159167
2.2410;-0.00175119
2.2449;-0.00149121
2.2530;0.000450519
2.2578;0.000896086
2.2600;0.00203943
2.2695;0.00362931
2.2700;0.00443031
2.2745;0.00456728
2.2835;0.00557008
2.2849;0.00658894
2.2940;0.00761584
2.2945;0.00845196
2.2998;0.00927039
3.3053;0.010649
3.3128;0.0110494
3.3178;0.0125089
3.3203;0.0138751
3.3285;0.0159045
3.3301;0.0172249
3.3366;0.0225007
3.3406;0.0255409
3.3462;0.0365046
3.3551;0.0500941
3.3551;0.0560587
3.3598;0.068837
3.3678;0.0835571
3.3706;0.0964321
3.3756;0.102568
3.3815;0.104974
3.3866;0.10633
3.3915;0.0978442
3.3956;0.0986781
4.4002;0.0912521
4.4051;0.0864985
4.4110;0.0826993
4.4158;0.0800494
4.4220;0.0784746
4.4270;0.0779643
4.4312;0.0792736
4.4372;0.0886441
4.4416;0.0955947
4.4470;0.103314
4.4502;0.115778
4.4553;0.131115
4.4624;0.132363
4.4669;0.141025
4.4726;0.135494
4.4754;0.133469
4.4801;0.127813
4.4865;0.10933
4.4930;0.0964424
4.4971;0.0862632
5.5004;0.0729491
5.5050;0.0589996
5.5140;0.0437034
5.5145;0.034545
5.5220;0.0340411
5.5265;0.0200722
5.5318;0.0148764
5.5356;0.009879
5.5406;0.00721478
5.5477;0.00405517
5.5534;0.00248227
5.5579;0.00133269
5.5610;-0.000124593
5.5662;-0.00181
5.5697;-0.00295701
5.5769;-0.00343685
5.5816;-0.00396554
5.5858;-0.00440573
5.5906;-0.00390915
5.5961;-0.00367808
6.6010;-0.00201734
6.6069;0.000114285
6.6134;0.00163155
6.6148;0.0045675
6.6253;0.00475963
6.6325;0.00710944
6.6385;0.00682224
6.6446;0.00636678
6.6494;0.00604396
6.6506;0.00517691
6.6574;0.00428193
6.6612;0.00343589
6.6703;0.00300639
6.6705;0.00177292
6.6760;0.00109471
6.6833;0.000263267
6.6867;-0.000267889
6.6936;-0.00113237
6.6977;-0.00174439
7.7034;-0.00182342
7.7058;-0.00202677
7.7143;-0.00190753
7.7185;-0.001871
7.7223;-0.00176716
7.7273;-0.00159612
7.7346;-0.00159175
7.7369;-0.00156616
7.7427;-0.000643217
7.7461;0.00146175
7.7562;0.00571766
7.7562;0.0108562
7.7632;0.0170171
7.7674;0.0207976
7.7718;0.0311627
7.7759;0.0463514
7.7851;0.0620822
7.7856;0.0751943
7.7908;0.0809772
7.7959;0.106316
8.8078;0.10765
8.8085;0.118548
8.8129;0.117773
8.8164;0.114418
8.8231;0.114421
8.8262;0.108128
8.8329;0.104234
8.8382;0.102749
8.8424;0.103749
8.8504;0.10772
8.8511;0.113106
8.8561;0.117076
8.8614;0.122531
8.8658;0.120624
8.8736;0.125006
8.8778;0.121564
8.8835;0.11838
8.8860;0.110935
8.8921;0.0993708
8.8969;0.0919586
9.9049;0.0818583
9.9074;0.0718961
9.9138;0.0553372
9.9189;0.0476326
9.9223;0.0403383
9.9269;0.0359753
9.9354;0.0291274
9.9360;0.0250603
9.9453;0.0248916
9.9462;0.0208308
9.9511;0.020344
9.9578;0.0185973
9.9613;0.0183607
9.9702;0.0175718
9.9722;0.017997
9.9788;0.0164232
9.9823;0.0162339
9.9865;0.0153449
9.9943;0.0144421
9.9981;0.0137523
10.10019;0.0131413
10.10065;0.0133676
10.10142;0.0117129
10.10165;0.0114234
10.10218;0.0111872
10.10268;0.01087
10.10341;0.00917603
10.10383;0.00886145
10.10452;0.00716692
10.10466;0.00608342
10.10547;0.00596451
10.10579;0.0100381
10.10655;0.0180124
10.10670;0.0200579
10.10738;0.0261608
10.10770;0.029826
10.10820;0.0333152
10.10892;0.0331251
10.10933;0.0345179
10.10975;0.0311022
11.11055;0.0324539
11.11069;0.0339102
11.11131;0.0440573
11.11169;0.0581262
11.11228;0.0760797
11.11290;0.0799916
11.11338;0.0987359
11.11370;0.11327
11.11431;0.129622
11.11483;0.138537
11.11533;0.143957
11.11625;0.147607
11.11662;0.173729
11.11702;0.185373
11.11758;0.186234
11.11804;0.182167
11.11902;0.192237
11.11902;0.177765
11.11961;0.173995
12.12012;0.168526
12.12061;0.166713
12.12119;0.157381
12.12139;0.140572
12.12190;0.141445
12.12263;0.101122
12.12294;0.0770609
12.12352;0.0593202
12.12399;0.0233401
12.12453;0.00348986
12.12503;0.00110238
12.12552;-0.0425533
12.12625;-0.0543997
12.12695;-0.0637532
12.12700;-0.066321
12.12769;-0.0672518
12.12809;-0.0651104
12.12867;-0.0561345
12.12913;-0.0374911
12.12973;-0.0372242
12.12995;-0.0327028
13.13061;-0.0235111
13.13109;0.0233488
13.13158;0.0429274
13.13235;0.0702763
13.13245;0.0770698
13.13348;0.0889124
13.13411;0.0914113
13.13412;0.0851031
13.13461;0.079801
13.13513;0.0746689
13.13545;0.070778
13.13598;0.0712217
13.13691;0.0207068
13.13704;0.0090496
13.13771;-0.0103605
13.13825;-0.0283426
13.13869;-0.0403704
13.13903;-0.0469504
13.13945;-0.0487383
14.14029;-0.0492807
14.14111;-0.0475271
14.14112;-0.0425818
14.14158;-0.0358492
14.14205;-0.0342715
14.14245;-0.0318463
14.14299;-0.00155919
14.14397;0.0184858
14.14440;0.0308558
14.14463;0.03734
14.14498;0.0390295
14.14591;0.0407513
14.14637;0.0534934
14.14702;0.0536986
14.14744;0.0565194
14.14783;0.059098
14.14836;0.0578089
14.14882;0.0580885
14.14939;0.0553042
14.14989;0.0494906
15.15037;0.0426197
15.15088;0.0301177
15.15223;0.0297832
15.15267;0.00519306
15.15325;-0.00913116
15.15395;-0.0109101
15.15403;-0.0237705
15.15458;-0.0278874
15.15506;-0.0261774
15.15553;-0.024144
15.15643;-0.00948524
15.15644;-0.00102444
15.15712;0.0123662
15.15746;0.0194629
15.15798;0.041766
15.15871;0.0620581
15.15922;0.0823124
16.16002;0.0956211
16.16004;0.125104
16.16061;0.1592
16.16114;0.200135
16.16195;0.239585
16.16195;0.280192
16.16273;0.306679
16.16318;0.308254
16.16402;0.265892
16.16405;0.242422
16.16472;0.193169
16.16518;0.170089
16.16569;0.151914
16.16613;0.11725
16.16676;0.0979998
16.16729;0.0881958
16.16772;0.0835071
16.16830;0.0749836
16.16865;0.0649855
16.16918;0.0595524
16.16955;0.0584249
17.17005;0.052872
17.17074;0.0445395
17.17122;0.0406437
17.17152;0.0372877
17.17267;0.0258157
17.17268;0.0216107
17.17322;0.0101549
17.17351;0.0079696
17.17427;-0.00729749
17.17473;-0.0146663
17.17526;-0.0204637
17.17548;-0.023057
17.17665;-0.0303289
17.17667;-0.0321984
17.17721;-0.0341293
17.17785;-0.0356935
17.17803;-0.0377203
17.17877;-0.0366363
17.17926;-0.0348727
17.17971;-0.0352298
18.18018;-0.0329546
18.18068;-0.0318695
18.18109;-0.0263635
18.18186;-0.0217314
18.18226;-0.0170833
18.18266;-0.01225
18.18318;-0.0114246
18.18355;-0.0121481
18.18407;-0.0152863
18.18470;-0.0200179
18.18520;-0.0252822
18.18585;-0.0278511
18.18653;-0.0457501
18.18662;-0.0497608
18.18705;-0.0593212
18.18776;-0.0799777
18.18821;-0.0896759
18.18893;-0.10034
18.18961;-0.115159
18.18968;-0.126644
19.19033;-0.127859
19.19082;-0.138531
19.19111;-0.144401
19.19175;-0.147477
19.19234;-0.147895
19.19286;-0.149149
19.19311;-0.148429
19.19372;-0.147659
19.19457;-0.145523
19.19463;-0.145752
19.19527;-0.142538
19.19579;-0.144353
19.19622;-0.139645
19.19686;-0.141268
19.19751;-0.142675
19.19758;-0.143106
19.19834;-0.144093
19.19878;-0.152288
19.19963;-0.159828
19.19965;-0.178148
20.20030;-0.189057
20.20074;-0.214179
20.20129;-0.227238
20.20154;-0.234641
20.20242;-0.251735
20.20282;-0.754008
20.20334;-0.890178
20.20377;-1.02835
20.20442;-1.09194
20.20458;-1.1485
20.20508;-1.19598
20.20558;-1.23295
0.315;0.0943925
0.331;0.0943925
0.410;0.0943925
0.494;0.0943925
0.514;-0.00162524
0.608;-0.00260665
0.610;-0.00083875
0.684;0.00702204
0.731;0.0125089
0.798;0.0144557
0.846;0.0161912
0.875;0.0194337
0.919;0.0203323
0.996;0.0202948
1.1071;0.0202557
1.1122;0.0218609
1.1197;0.021481
1.1212;0.0210417
1.1263;0.0185276
1.1310;0.0163844
1.1340;0.0134877
1.1405;0.0105744
1.1466;0.00939467
1.1542;0.00654514
1.1543;0.0064312
1.1640;0.00632132
1.1709;0.00293477
1.1775;0.00240931
1.1784;0.00153141
1.1830;0.00127378
1.1919;0.00105536
1.1929;0.00087619
1.1969;0.000725698
2.2026;0.000663996
2.2122;0.000650467
2.2192;0.000284675
2.2222;0.000129427
2.2275;-6.0342e-05
2.2343;-0.000247141
2.2379;-0.000289098
2.2427;-0.00038959
2.2474;-0.000401576
2.2522;-0.000482982
2.2564;-0.000509457
2.2630;-0.000524417
2.2667;-0.000196396
2.2735;0.000948504
2.2754;0.00124249
2.2804;0.0013128
2.2862;0.00193001
2.2938;0.00542775
2.2984;0.00607935
3.3035;0.00676421
3.3086;0.00663395
3.3106;0.00684638
3.3190;0.00715927
3.3206;0.00731866
3.3283;0.00730226
3.3330;0.0078641
3.3354;0.00790221
3.3404;0.00794299
3.3477;0.0100782
3.3577;0.011358
3.3599;0.0129903
3.3619;0.0144642
3.3666;0.0199897
3.3715;0.0248269
3.3769;0.0328507
3.3842;0.0419692
3.3890;0.0574517
3.3915;0.0610599
3.3972;0.0664383
4.4004;0.0677269
4.4064;0.0803458
4.4162;0.0789105
4.4168;0.0732148
4.4215;0.0673978
4.4313;0.0553509
4.4313;0.0496749
4.4365;0.0460948
4.4472;0.0414704
4.4472;0.040794
4.4546;0.0402043
4.4560;0.0415202
4.4635;0.0520537
4.4709;0.0639667
4.4710;0.0671343
4.4786;0.0867435
4.4851;0.101977
4.4859;0.116389
4.4909;0.123603
4.4984;0.13273
5.5021;0.127706
5.5075;0.114718
5.5122;0.1141
5.5198;0.0924533
5.5209;0.0910918
5.5278;0.0897958
5.5317;0.0380973
5.5397;0.0219635
5.5413;0.0113527
5.5466;0.00962437
5.5510;0.00885882
5.5600;0.00954278
5.5614;0.0106247
5.5691;0.0120018
5.5750;0.0133074
5.5759;0.0135289
5.5856;0.0136537
5.5933;0.0135969
5.5964;0.0121768
6.6027;0.0114051
6.6070;0.0106128
6.6123;0.00853011
6.6136;0.00693341
6.6211;0.0042564
6.6262;0.00342647
6.6303;0.0032851
6.6350;0.00372742
6.6387;0.00431246
6.6481;0.0043582
6.6568;0.00596026
6.6603;0.00649652
6.6616;0.00656239
6.6683;0.00632823
6.6724;0.00454563
6.6771;0.00248676
6.6840;0.000859859
6.6886;0.000655546
6.6913;0.000421679
6.6993;-0.000478638
7.7016;-0.00210103
7.7114;-0.00302012
7.7185;-0.00330355
7.7185;-0.00334199
7.7234;-0.00329795
7.7278;-0.00309066
7.7337;-0.00301137
7.7387;-0.00268906
7.7434;-0.00252533
7.7463;-0.00210682
7.7543;-0.000621772
7.7589;0.000368444
7.7664;0.00109738
7.7668;0.0014544
7.7713;0.00170459
7.7799;0.00191928
7.7858;0.00315933
7.7862;0.00498057
7.7918;0.0102874
7.7971;0.0183227
8.8040;0.0192582
8.8094;0.027964
8.8133;0.0404102
8.8178;0.0412835
8.8214;0.042259
8.8281;0.0696975
8.8340;0.0841193
8.8390;0.0892026
8.8451;0.0928403
8.8507;0.0902392
8.8536;0.0863313
8.8603;0.0765532
8.8626;0.063883
8.8687;0.0586578
8.8742;0.0526769
8.8826;0.0524808
8.8826;0.052093
8.8877;0.0628671
8.8920;0.0738201
9.9010;0.0813197
9.9066;0.0866231
9.9070;0.0899151
9.9122;0.089803
9.9201;0.088095
9.9250;0.0839645
9.9314;0.0710718
9.9321;0.0664045
9.9404;0.0620092
9.9449;0.0576093
9.9513;0.0270258
9.9599;0.0201341
9.9611;0.0165769
9.9667;0.0173585
9.9719;0.0187653
9.9797;0.0229406
9.9843;0.0271916
9.9850;0.0299117
9.9926;0.0335496
10.10010;0.0354436
10.10010;0.0352265
10.10089;0.0355529
10.10130;0.0332011
10.10183;0.028469
10.10235;0.0269393
10.10283;0.0205532
10.10339;0.0173437
10.10406;0.0113925
10.10409;0.0105958
10.10490;0.00953206
10.10550;0.00175667
10.10640;0.000562096
10.10643;0.000103441
10.10704;-0.00310123
10.10774;-0.00334114
10.10830;-0.00331406
10.10855;-0.0027011
10.10895;-0.000343033
10.10946;0.00225333
10.10995;0.00879845
11.11054;0.014241
11.11127;0.0202414
11.11174;0.0278571
11.11263;0.0285988
11.11354;0.0349027
11.11396;0.0340801
11.11447;0.0306316
11.11478;0.0280074
11.11521;0.0272537
11.11567;0.0313664
11.11621;0.037177
11.11679;0.0562091
11.11762;0.0657577
11.11768;0.0809911
11.11854;0.0831994
11.11932;0.100113
11.11992;0.115371
12.12034;0.125541
12.12082;0.131922
12.12144;0.13576
12.12190;0.135313
12.12219;0.129006
12.12276;0.121943
12.12326;0.10732
12.12371;0.0992365
12.12414;0.0981111
12.12454;0.09712
12.12533;0.100187
12.12568;0.101806
12.12647;0.0962323
12.12654;0.0951312
12.12708;0.0782773
12.12772;0.0559491
12.12812;0.0502468
12.12882;0.0247152
12.12930;0.00793761
12.12954;0.00445524
13.13067;0.0022855
13.13125;-0.0362405
13.13141;-0.046912
13.13194;-0.0582922
13.13246;-0.0619886
13.13294;-0.0564618
13.13342;-0.0486143
13.13419;-0.0226247
13.13455;-0.00853624
13.13531;0.0130604
13.13574;0.0341581
13.13587;0.0368256
13.13637;0.0392287
13.13704;0.0424703
13.13773;0.0728643
13.13815;0.0728799
13.13875;0.0716925
13.13925;0.0586148
13.13979;0.0411139
13.13987;0.0309596
14.14087;0.00175364
14.14092;-0.0106215
14.14162;-0.0193468
14.14218;-0.0240235
14.14237;-0.0255451
14.14304;-0.0279268
14.14373;-0.0210843
14.14429;-0.0140477
14.14478;-0.00664851
14.14519;-0.0033394
14.14574;0.00285113
14.14621;0.00831324
14.14685;0.0131753
14.14689;0.0185541
14.14783;0.019229
14.14830;0.0241886
14.14836;0.0242862
14.14887;0.0243753
14.14943;0.0221447
15.15016;0.017658
15.15055;0.0144889
15.15127;0.0128958
15.15175;0.0125247
15.15214;0.0105726
15.15259;0.0113543
15.15297;0.0126036
15.15377;0.0168828
15.15387;0.0215804
15.15536;0.0222558
15.15605;0.0268198
15.15642;0.0259642
15.15686;0.0223741
15.15718;0.0221071
15.15758;0.0130315
15.15803;0.00651548
15.15878;-0.000575912
15.15934;-0.00124318
15.15949;-0.00176912
16.16000;-0.00222236
16.16072;0.00675246
16.16122;0.0141737
16.16157;0.0187185
16.16202;0.0215194
16.16250;0.0258586
16.16311;0.0329071
16.16367;0.0407725
16.16418;0.0521023
16.16450;0.0559943
16.16541;0.0576689
16.16612;0.127645
16.16680;0.147048
16.16722;0.156727
16.16764;0.2772
16.16830;0.318107
16.16875;0.311499
16.16918;0.294154
16.16971;0.266484
16.16999;0.229117
17.17050;0.20905
17.17146;0.178323
17.17147;0.15954
17.17196;0.14645
17.17267;0.138455
17.17283;0.137422
17.17363;0.127003
17.17428;0.0716429
17.17474;0.0616257
17.17527;0.0375549
17.17562;0.0232409
17.17624;0.0170778
17.17633;0.00757908
17.17695;-0.000690518
17.17760;-0.00711481
17.17790;-0.00906442
17.17834;-0.00927102
17.17884;-0.0100057
17.17973;-0.0118172
18.18006;-0.0171105
18.18057;-0.0172676
18.18107;-0.0174005
18.18162;-0.0161426
18.18206;-0.0160679
18.18258;-0.0142492
18.18307;-0.0133541
18.18350;-0.0113528
18.18390;-0.00894817
18.18435;-0.00807945
18.18484;-0.00757181
18.18539;-0.00693515
18.18621;-0.00566023
18.18669;-0.00533642
18.18719;-0.00509121
18.18771;-0.00490906
18.18789;-0.0045298
18.18869;-0.00430684
18.18915;-0.00618916
18.18943;-0.0104541
19.19020;-0.0118974
19.19036;-0.0138211
19.19087;-0.0141364
19.19138;-0.0260107
19.19212;-0.0384058
19.19301;-0.0495756
19.19301;-0.0506089
19.19347;-0.0586908
19.19398;-0.064759
19.19437;-0.0685487
19.19520;-0.0690845
19.19566;-0.096662
19.19626;-0.107521
19.19674;-0.11133
19.19720;-0.111917
19.19796;-0.119057
19.19836;-0.118867
19.19890;-0.120037
19.19939;-0.118328
20.20020;-0.116012
20.20021;-0.112529
20.20116;-0.10799
20.20123;-0.107411
20.20190;-0.0999219
20.20226;-0.097517
20.20287;-0.0928621
20.20322;-0.0921245
20.20386;-0.0913648
20.20463;-0.0772638
20.20503;-0.0730683
20.20538;-0.0718605
20.20612;-0.0666765
20.20658;-0.0658821
20.20681;-0.0676235
20.20741;-0.0684653
20.20787;-0.0857877
20.20838;-0.127253
20.20873;-0.143552
20.20926;-0.164998
21.21008;1.49576
21.21081;0.811214
21.21085;0.535737
21.21130;0.358575
21.21174;0.258581
21.21272;0.130222
21.21278;0.0498161
21.21355;0.0385064
21.21399;-0.0175252
21.21483;-0.0353401
21.21563;-0.0358028
21.21610;-0.0342419
21.21668;-0.0265568
21.21723;-0.0175268
21.21770;-0.00946845
21.21800;-0.00839576
21.21886;-0.00269307
21.21890;0.00102616
21.21936;0.00318185
22.22018;0.00531918
22.22083;0.0207509
22.22087;0.0251181
22.22154;0.0347615
22.22188;0.0363626
22.22261;0.0377519
22.22315;0.0374472
22.22400;0.03714
22.22400;0.0369393
22.22449;0.0365108
22.22514;0.0364928
22.22559;0.0366536
22.22605;0.0366706
22.22654;0.0366989
22.22686;0.0367077
22.22759;0.0367139
22.22824;0.0368397
22.22892;0.0368884
22.22894;0.0369163
22.22955;0.036891
23.23006;0.0369468
23.23043;0.0369333
23.23127;0.0369443
23.23138;0.0369459
23.23237;0.0369578
23.23240;0.0369404
23.23288;0.0369515
23.23371;0.0369503
23.23407;0.0369328
23.23469;0.0369874
23.23514;0.0370003
23.23560;0.0370401
23.23631;0.0370753
23.23638;0.0370782
23.23748;0.0371566
23.23751;0.0371508
23.23830;0.0371765
23.23874;0.0371886
23.23974;0.0371897
24.24035;0.0372357
24.24088;0.0372814
24.24091;0.0373013
24.24147;0.0373402
24.24210;0.03739
24.24254;0.0374136
24.24305;0.0374249
24.24356;0.0374221
24.24403;0.0374347
24.24474;0.0374442
24.24492;0.0374393
24.24557;0.0374665
24.24596;0.0374482
24.24659;0.0375229
24.24731;0.0375392
24.24775;0.0375596
24.24812;0.0375978
24.24862;0.0376333
24.24910;0.0376636
24.24966;0.0376749
24.24991;0.0376749
25.25059;0.0376807
25.25105;0.0376949
25.25167;0.0377123
25.25215;0.0377148
25.25270;0.0377671
25.25294;0.0377687
25.25379;0.0378134
25.25391;0.0378284
25.25499;0.0378226
25.25589;0.0378261
25.25618;0.0378353
25.25662;0.0378699
25.25725;0.0378776
25.25785;0.0380121
25.25847;0.0380229
25.25875;0.0380241
0.312;0.00221796
0.364;0.00221796
0.369;0.00221795
0.444;0.00220853
0.495;0.00250197
0.555;0.00249096
0.569;0.00248397
0.641;0.00672458
0.706;0.00885735
0.737;0.0101076
0.785;0.0163778
0.826;0.017754
0.932;0.0172322
0.932;0.0178596
1.1004;0.0181571
1.1051;0.0175807
1.1113;0.0159181
1.1122;0.0142214
1.1184;0.0138237
1.1239;0.0102162
1.1293;0.00802161
1.1339;0.00682335
1.1369;0.00651593
1.1419;0.00623552
1.1551;0.00284664
1.1585;0.00109026
1.1616;0.000301476
1.1659;-0.000306978
1.1706;-0.00129311
1.1719;-0.00163046
1.1771;-0.0015185
1.1863;-0.00158328
1.1869;-0.00143495
1.1925;-0.00142172
1.1969;-0.00133076
2.2019;-0.0013123
2.2089;-0.000706624
2.2151;-0.000386438
2.2195;-7.34823e-05
2.2247;0.000112169
2.2284;0.000370161
2.2355;0.000655653
2.2417;0.000805987
2.2445;0.000898191
2.2503;0.000724216
2.2547;0.000637181
2.2569;0.000616895
2.2619;0.000577847
2.2715;0.00182506
2.2761;0.00297217
2.2840;0.00398736
2.2841;0.00440682
2.2892;0.00471506
2.2939;0.00491792
3.3000;0.0046695
3.3059;0.00451864
3.3069;0.00446133
3.3119;0.00477869
3.3230;0.00496679
3.3238;0.00497967
3.3297;0.00553524
3.3322;0.00654128
3.3383;0.00658947
3.3428;0.00807864
3.3489;0.0100293
3.3536;0.0116017
3.3587;0.0140268
3.3656;0.0208395
3.3669;0.0211844
3.3747;0.0215389
3.3797;0.0489519
3.3856;0.0705926
3.3904;0.0827098
3.3939;0.0870555
4.4015;0.0873081
4.4060;0.0820513
4.4133;0.0620364
4.4133;0.0494816
4.4199;0.0363564
4.4247;0.0149061
4.4298;0.00200088
4.4345;-0.00301978
4.4373;-0.00301765
4.4423;-0.00482259
4.4515;0.00521253
4.4586;0.0217699
4.4593;0.0454641
4.4653;0.0529269
4.4686;0.0829275
4.4735;0.108574
4.4815;0.125114
4.4835;0.134901
4.4900;0.141134
4.4952;0.139804
4.4975;0.140081
5.5051;0.135358
5.5123;0.104433
5.5156;0.0748394
5.5203;0.0506951
5.5255;0.0369154
5.5287;0.0210273
5.5388;0.00423328
5.5395;-0.00430271
5.5444;-0.00815971
5.5522;-0.012709
5.5534;-0.0143231
5.5653;-0.0146402
5.5724;0.000822721
5.5757;0.00898491
5.5838;0.0147534
5.5838;0.019551
5.5907;0.0199338
5.5951;0.0210547
5.5994;0.0192421
6.6059;0.0172172
6.6140;0.0137547
6.6141;0.0127255
6.6213;0.0122382
6.6258;0.0030481
6.6311;0.00110091
6.6360;-0.000367671
6.6411;-0.000528868
6.6460;0.000157293
6.6515;0.000754132
6.6576;0.00165153
6.6591;0.00172193
6.6700;0.00172107
6.6772;0.000581081
6.6775;-6.33976e-05
6.6839;-0.00133237
6.6911;-0.00177255
6.6916;-0.00212011
6.6965;-0.00232655
7.7026;-0.00236673
7.7074;-0.00224148
7.7119;-0.00212841
7.7205;-0.00158362
7.7232;-0.00118563
7.7289;-0.00092634
7.7331;-0.000556742
7.7416;-0.000340318
7.7417;-0.000277719
7.7470;0.00126009
7.7541;0.00217662
7.7596;0.0023527
7.7644;0.00203783
7.7691;0.0018903
7.7733;0.00169375
7.7777;0.00250111
7.7823;0.00399297
7.7896;0.00892793
7.7982;0.0144701
8.8060;0.0171372
8.8095;0.0444173
8.8146;0.0551077
8.8220;0.0649224
8.8271;0.0748394
8.8323;0.0863658
8.8387;0.0928239
8.8390;0.0913581
8.8433;0.0838221
8.8517;0.0773103
8.8567;0.0623597
8.8581;0.0595629
8.8649;0.0561693
8.8717;0.0147869
8.8783;0.00885722
8.8791;0.000261579
8.8868;-0.00278643
8.8881;0.00677952
8.8941;0.0283281
9.9003;0.0445662
9.9047;0.0589062
9.9081;0.0599612
9.9164;0.0622178
9.9185;0.0755032
9.9277;0.0804774
9.9308;0.0745456
9.9359;0.0622162
9.9408;0.0483381
9.9446;0.0397019
9.9513;0.0266531
9.9559;0.0179224
9.9590;0.014686
9.9649;0.0121394
9.9722;0.0124237
9.9760;0.0120494
9.9833;0.0216019
9.9888;0.0263705
9.9958;0.0287601
10.10003;0.0288012
10.10010;0.0278158
10.10064;0.0269835
10.10152;0.0253895
10.10163;0.0173964
10.10245;0.00897734
10.10291;0.00446662
10.10313;0.00168488
10.10389;0.000367548
10.10433;1.48432e-05
10.10498;-0.000689828
10.10543;-0.000224161
10.10600;0.000955807
10.10694;0.00291773
10.10699;0.00397371
10.10751;0.00480639
10.10808;0.00602567
10.10837;0.00684157
10.10883;0.0083818
10.10976;0.0146242
11.11068;0.0149482
11.11129;0.0287376
11.11190;0.0317993
11.11197;0.0327111
11.11240;0.0285903
11.11307;0.0255212
11.11352;0.0153787
11.11449;0.00775911
11.11450;0.0075228
11.11503;0.0122825
11.11573;0.0234955
11.11584;0.027279
11.11670;0.0282661
11.11704;0.0723216
11.11761;0.099674
11.11803;0.111894
11.11859;0.11831
11.11893;0.127091
11.11957;0.129497
12.12016;0.129866
12.12044;0.125631
12.12094;0.122545
12.12135;0.121814
12.12223;0.117387
12.12293;0.07704
12.12328;0.0606739
12.12375;0.0444126
12.12435;0.040128
12.12468;0.0446051
12.12515;0.057109
12.12564;0.0723094
12.12630;0.0816865
12.12647;0.0828399
12.12717;0.0835144
12.12768;0.0477756
12.12824;0.02222
12.12852;-0.00621396
12.12899;-0.0157964
12.12974;-0.0245248
13.13037;-0.023613
13.13047;-0.0226784
13.13135;-0.014658
13.13176;-0.00809956
13.13220;-0.0025281
13.13267;0.00444655
13.13321;0.0172689
13.13375;0.0218595
13.13397;0.0237845
13.13447;0.0250797
13.13556;0.0339532
13.13588;0.0323296
13.13621;0.0285126
13.13664;0.0251623
13.13717;0.0149675
13.13767;0.00228608
13.13825;-0.0106989
13.13860;-0.0140558
13.13933;-0.0196587
13.13947;-0.01965
14.14086;-0.019369
14.14160;-0.00896968
14.14194;0.000310037
14.14239;0.0119084
14.14249;0.013638
14.14340;0.0280585
14.14388;0.0323993
14.14461;0.0339027
14.14462;0.0320309
14.14519;0.0280234
14.14567;0.0244775
14.14599;0.0235916
14.14678;0.0168249
14.14728;-0.0214427
14.14769;-0.0322925
14.14823;-0.0373758
14.14880;-0.0328678
14.14910;-0.0250921
14.14981;-0.0170088
15.15056;0.00485933
15.15154;0.00695417
15.15198;0.046263
15.15271;0.0619391
15.15324;0.0645327
15.15335;0.0658429
15.15385;0.067621
0.317;0.0943904
0.380;0.0943904
0.434;0.09438
0.485;-0.00224191
0.517;-0.00311246
0.606;-0.00311875
0.648;-0.00555017
0.685;-0.00592546
0.751;-0.00333481
0.801;-0.00167195
0.838;0.00171638
0.888;0.00868941
0.937;0.0114254
0.986;0.0139767
1.1028;0.0153904
1.1092;0.0169266
1.1137;0.0169594
1.1218;0.0157108
1.1222;0.013383
1.1273;0.0116373
1.1321;0.00827016
1.1370;0.007754
1.1454;0.00541114
1.1476;0.00412651
1.1547;0.0030942
1.1591;0.00238169
1.1653;0.00184282
1.1687;0.00164469
1.1784;0.00140697
1.1785;0.00133635
1.1853;0.0011782
1.1869;0.000991091
1.1941;0.000915552
2.2029;0.00080709
2.2030;0.000725759
2.2095;0.00061002
2.2142;0.000526267
2.2195;0.000470644
2.2264;0.00043606
2.2267;0.000393422
2.2342;0.00031508
2.2390;0.00030418
2.2429;0.000265656
2.2497;0.000245343
2.2558;0.00018962
2.2585;0.000178932
2.2647;0.000137359
2.2673;0.000122713
2.2763;9.81992e-05
2.2772;7.78366e-05
2.2850;5.72084e-05
2.2869;3.76286e-05
2.2952;2.24909e-05
2.2969;2.12724e-05
3.3038;1.19235e-05
3.3094;-5.45918e-06
3.3163;-1.21419e-05
3.3189;-1.27418e-05
3.3254;-2.03463e-05
3.3298;-2.92238e-05
3.3346;-6.66059e-05
3.3376;-4.69266e-05
3.3445;6.27857e-06
3.3496;0.000286847
3.3546;0.000622427
3.3598;0.00130974
3.3658;0.00136265
3.3697;0.00197381
3.3755;0.00195183
3.3780;0.00225331
3.3851;0.00219721
3.3900;0.00268346
3.3936;0.00272695
3.3981;0.00268792
4.4026;0.00289622
4.4122;0.00287569
4.4128;0.00292325
4.4173;0.00289887
4.4251;0.00274781
4.4298;0.00260343
4.4338;0.00248666
4.4383;0.00245615
4.4436;0.00236225
4.4495;0.00260653
4.4556;0.00249145
4.4589;0.0031184
4.4658;0.00312271
4.4673;0.00345698
4.4753;0.00359928
4.4770;0.00357523
4.4832;0.00398178
4.4919;0.00388313
4.4925;0.00387429
4.4978;0.00424835
5.5048;0.00419987
5.5098;0.00497422
5.5155;0.00519419
5.5186;0.00508373
5.5238;0.0056871
5.5299;0.00578068
5.5355;0.00557762
5.5382;0.00653391
5.5456;0.00673808
5.5502;0.00698564
5.5554;0.00773846
5.5604;0.00771452
5.5653;0.0086332
5.5700;0.0100549
5.5751;0.00987748
5.5779;0.0106557
5.5838;0.0116218
5.5889;0.0146979
5.5925;0.0165081
6.6011;0.0173642
6.6058;0.0167894
6.6098;0.02476
6.6142;0.0289528
6.6195;0.0293572
6.6239;0.0323689
6.6318;0.0343455
6.6326;0.0373185
6.6370;0.0367408
6.6460;0.0430237
6.6502;0.0448005
6.6544;0.0435961
6.6581;0.0476582
6.6626;0.0491122
6.6693;0.051278
6.6754;0.050202
6.6789;0.0505411
6.6845;0.0479386
6.6893;0.0469049
6.6933;0.0466622
6.6982;0.0456611
7.7033;0.0430733
7.7097;0.0413628
7.7138;0.038922
7.7225;0.0379241
7.7230;0.0369986
7.7322;0.0352384
7.7329;0.0352772
7.7403;0.0344369
7.7458;0.0333823
7.7473;0.0313831
7.7546;0.0334972
7.7585;0.0353491
7.7644;0.0351447
7.7719;0.0350058
7.7725;0.0354127
7.7773;0.038581
7.7842;0.0383126
7.7925;0.0386787
7.7932;0.0415847
8.8001;0.0432195
8.8052;0.0416636
8.8104;0.0463467
8.8150;0.0506006
8.8174;0.0500912
8.8246;0.0563761
8.8323;0.0578988
8.8327;0.0595393
8.8373;0.0653166
8.8452;0.0671532
8.8497;0.0720613
8.8533;0.0705216
8.8600;0.0743059
8.8646;0.074706
8.8714;0.0790264
8.8758;0.078373
8.8796;0.0799243
8.8860;0.0845295
8.8901;0.0814207
8.8955;0.0828284
8.8997;0.0839976
9.9050;0.0833299
9.9118;0.0841405
9.9123;0.0795019
9.9177;0.0783832
9.9251;0.0726143
9.9294;0.0693651
9.9346;0.0631326
9.9382;0.0604707
9.9426;0.0570554
9.9502;0.053484
9.9550;0.0495017
9.9610;0.0455396
9.9637;0.043291
9.9718;0.0403728
9.9766;0.037235
9.9789;0.034935
9.9856;0.031613
9.9916;0.0300174
9.9955;0.0285942
9.9998;0.0270705
10.10046;0.0264424
10.10099;0.025547
10.10155;0.0244287
10.10184;0.0239268
10.10253;0.0222626
10.10304;0.0220584
10.10340;0.0209748
10.10380;0.0200432
10.10430;0.0210652
10.10493;0.0211776
10.10562;0.0219469
10.10604;0.021778
10.10634;0.0210622
10.10711;0.022089
10.10763;0.0214474
10.10801;0.0212829
10.10840;0.0205058
10.10916;0.0199468
10.10966;0.0187821
10.10982;0.0183597
11.11043;0.0174591
11.11098;0.0165058
11.11144;0.0157907
11.11183;0.0151407
11.11234;0.0143019
11.11321;0.0134158
11.11326;0.0125502
11.11412;0.0121128
11.11458;0.0113436
11.11539;0.0106681
11.11546;0.00987482
11.11594;0.00905409
11.11641;0.00872305
11.11694;0.00815957
11.11746;0.00742893
11.11803;0.00683352
11.11842;0.00644857
11.11913;0.00615335
11.11962;0.00599951
12.12009;0.0056489
12.12046;0.00572491
12.12117;0.00629883
12.12166;0.00630808
12.12183;0.00694607
12.12247;0.0068391
12.12297;0.00684856
12.12333;0.00663056
12.12401;0.00661087
12.12446;0.00638011
12.12498;0.00667291
12.12546;0.00649318
12.12593;0.00628758
12.12643;0.00626669
12.12714;0.0060455
12.12747;0.00594077
12.12801;0.00546073
12.12837;0.004936
12.12904;0.00487603
12.12949;0.00413536
12.12997;0.00328762
13.13044;0.00304871
13.13100;0.00247569
13.13155;0.00197972
13.13204;0.00160826
13.13247;0.00120223
13.13321;0.00107436
13.13370;0.000744128
13.13396;0.000671845
13.13449;0.000208079
13.13531;0.000148168
13.13566;-9.4435e-06
13.13619;-0.000288736
13.13651;-0.000305027
13.13697;-0.000451005
13.13741;-0.00050901
13.13799;-0.000496887
13.13846;-0.000521669
13.13914;-0.000598906
13.13973;-0.000627105
13.13996;-0.000622002
14.14055;-0.000655512
14.14112;-0.000651087
14.14130;-0.000708324
14.14183;-0.000693413
14.14233;-0.000687755
14.14329;-0.000669522
14.14333;-0.000668663
14.14391;-0.000640177
14.14442;-0.000640429
14.14510;-0.000609457
14.14548;-0.000612664
14.14631;-0.000537529
14.14634;-0.000459462
14.14722;-0.000230535
14.14788;-0.000162133
14.14793;-5.77518e-05
14.14838;8.26201e-05
14.14922;0.000154593
14.14951;0.000261976
15.15031;0.000267477
15.15035;0.00031049
15.15124;0.000332686
15.15189;0.000382029
15.15195;0.000430426
15.15246;0.000426493
15.15320;0.000429333
15.15343;0.000410125
15.15419;0.000229273
15.15459;0.000210015
15.15520;0.000205067
15.15541;0.000258303
15.15623;0.000391873
15.15650;0.000550555
15.15721;0.000765611
15.15739;0.00161559
15.15822;0.00169398
15.15853;0.00246238
15.15925;0.00318142
15.15951;0.00586067
16.16022;0.00763613
16.16051;0.00765533
16.16111;0.00994205
16.16143;0.0112195
16.16234;0.0137205
16.16245;0.0136348
16.16317;0.0161098
16.16373;0.0157296
16.16416;0.0197751
16.16443;0.0255773
16.16507;0.025638
16.16555;0.030611
16.16615;0.037903
16.16650;0.0383742
16.16706;0.038393
16.16785;0.0430979
16.16834;0.0464906
16.16869;0.0479164
16.16913;0.0471337
16.16964;0.0468484
17.17030;0.0480837
17.17045;0.0511752
17.17107;0.0501335
17.17154;0.0500763
17.17206;0.0484656
17.17273;0.0491101
17.17311;0.0473661
17.17358;0.0448718
17.17433;0.0435415
17.17467;0.0431632
17.17504;0.0443548
17.17554;0.0440683
17.17633;0.0426119
17.17668;0.0437032
17.17709;0.0424162
17.17753;0.0428685
17.17830;0.0444002
17.17860;0.0444434
17.17902;0.0457392
17.17950;0.0492565
18.18025;0.05027
18.18059;0.0540645
18.18112;0.0562275
18.18158;0.0540921
18.18224;0.0539808
18.18261;0.0614437
18.18305;0.0610043
18.18362;0.0692612
18.18431;0.0688931
18.18441;0.0702265
18.18497;0.067878
18.18542;0.0713515
18.18593;0.0759076
18.18661;0.0724848
18.18711;0.0735987
18.18758;0.0751555
18.18825;0.0733248
18.18856;0.0681122
18.18915;0.0720289
18.18955;0.0673143
19.19019;0.0684379
19.19055;0.0668736
19.19110;0.0647114
19.19186;0.0632952
19.19237;0.0602356
19.19253;0.0570902
19.19323;0.0551475
19.19385;0.0521024
19.19434;0.0489087
19.19458;0.0451464
19.19543;0.0443335
19.19578;0.041882
19.19626;0.0400052
19.19657;0.0395577
19.19710;0.0375589
19.19795;0.0388662
19.19838;0.0378865
19.19856;0.0369651
19.19918;0.0364759
19.19961;0.035996
20.20036;0.0362548
20.20110;0.0353935
20.20116;0.0359746
20.20167;0.0348563
20.20207;0.0352844
20.20263;0.0339495
20.20342;0.0341244
20.20360;0.0337855
20.20427;0.0330925
20.20461;0.0320903
20.20528;0.0309455
20.20590;0.0311956
20.20642;0.0311618
20.20720;0.0301393
20.20721;0.0303284
20.20777;0.0299875
20.20822;0.0291295
20.20862;0.0278139
20.20922;0.0257377
20.20979;0.025378
21.21022;0.0245422
21.21110;0.0237476
21.21114;0.0225287
21.21189;0.0220528
21.21238;0.0210415
21.21266;0.0196309
21.21350;0.0182432
21.21369;0.0177012
21.21430;0.0167254
21.21511;0.0160714
21.21518;0.0158232
21.21582;0.0153014
21.21634;0.0144698
21.21686;0.013717
21.21715;0.0126677
21.21786;0.0124893
21.21834;0.0117013
21.21914;0.0118056
21.21915;0.0111627
21.21980;0.0107773
22.22030;0.0104162
22.22061;0.0101132
22.22115;0.00971945
22.22161;0.00935136
22.22233;0.00905613
22.22273;0.00936123
22.22343;0.00906367
22.22369;0.00874544
22.22429;0.00904455
22.22461;0.00845804
22.22542;0.00807739
22.22561;0.00792102
22.22610;0.00765895
22.22666;0.00742863
22.22724;0.00684656
22.22788;0.00675068
22.22834;0.00605713
22.22916;0.00558659
22.22923;0.00511334
22.22977;0.00478457
23.23022;0.00453068
23.23080;0.00477303
23.23143;0.00550402
23.23183;0.00540675
23.23234;0.0058309
23.23308;0.00807076
23.23316;0.0100917
23.23383;0.0112121
23.23429;0.011374
23.23506;0.01489
23.23511;0.0167549
23.23585;0.0176911
23.23633;0.0191896
23.23665;0.0186861
23.23743;0.0191785
23.23781;0.0186577
23.23830;0.0177639
23.23913;0.0167871
23.23919;0.015397
23.23984;0.0151514
24.24038;0.0137163
24.24123;0.0128761
24.24127;0.0114485
24.24183;0.0106684
24.24226;0.0102058
24.24321;0.0096264
24.24325;0.0101443
24.24383;0.00980924
24.24434;0.0101225
24.24527;0.0124685
24.24537;0.0155873
24.24587;0.0156155
24.24638;0.0187048
24.24717;0.0232184
24.24726;0.0285369
24.24773;0.0286813
24.24838;0.0342687
24.24908;0.0392092
24.24913;0.0447008
24.24965;0.0475665
25.25035;0.0524566
25.25111;0.0521551
25.25117;0.0530301
25.25188;0.0545264
25.25241;0.0538896
25.25307;0.0550349
25.25314;0.0539714
25.25386;0.0518773
25.25437;0.053726
25.25508;0.0550004
25.25554;0.0598365
25.25586;0.0651448
25.25630;0.0643408
25.25701;0.0668876
25.25748;0.072757
25.25783;0.0714729
25.25834;0.0750644
25.25919;0.0768759
25.25924;0.0795498
25.25990;0.0776726
26.26034;0.0818202
26.26117;0.0816471
26.26117;0.0777792
26.26186;0.0764167
26.26242;0.0728358
26.26266;0.0745708
26.26324;0.072285
26.26385;0.0705507
26.26434;0.0742004
26.26518;0.0816965
26.26525;0.087503
26.26598;0.0854157
26.26643;0.0890691
26.26670;0.0932668
26.26723;0.092778
26.26766;0.0939961
26.26838;0.0960879
26.26916;0.0916812
26.26920;0.0964119
26.26973;0.093231
27.27034;0.0969412
27.27116;0.092394
27.27121;0.0879744
27.27199;0.0831998
27.27242;0.0762878
27.27312;0.0675697
27.27320;0.0604601
27.27370;0.0564011
27.27439;0.0494321
27.27491;0.0418051
27.27546;0.0364257
27.27586;0.0337776
27.27642;0.0294175
27.27668;0.0265281
27.27738;0.0236285
27.27806;0.0218687
27.27816;0.0190026
27.27908;0.0167588
27.27958;0.0156419
27.27967;0.0148725
28.28043;0.0145622
28.28071;0.0131587
28.28158;0.0129038
28.28179;0.0127589
28.28235;0.0120988
28.28288;0.0113035
28.28359;0.0104591
28.28385;0.0100121
28.28458;0.00908437
28.28519;0.00821052
28.28526;0.00742491
28.28588;0.00693826
28.28633;0.00624231
28.28725;0.00569149
28.28732;0.00543865
28.28791;0.00638785
28.28838;0.00645894
28.28891;0.00775892
28.28930;0.00865212
28.28988;0.0108462
29.29038;0.0116266
29.29083;0.0125421
29.29148;0.0145189
29.29200;0.0143606
29.29250;0.0138679
29.29291;0.0147031
29.29338;0.0136948
29.29392;0.0134129
29.29432;0.0130381
29.29505;0.0124344
29.29554;0.0116786
29.29574;0.0113195
29.29634;0.0102368
29.29707;0.0091775
29.29757;0.00789735
29.29799;0.00703626
29.29841;0.00653336
29.29913;0.00586983
29.29962;0.00508666
29.29975;0.00485658
30.30039;0.00427957
30.30113;0.0037291
30.30167;0.00308805
30.30194;0.00268351
30.30238;0.00252716
30.30319;0.00215712
30.30322;0.00181792
30.30381;0.00173268
30.30444;0.00150399
30.30518;0.0012202
30.30527;0.00104027
30.30597;0.00150199
30.30654;0.00149257
30.30694;0.00212715
30.30725;0.00283935
30.30771;0.00482803
30.30843;0.00525583
30.30937;0.00753647
30.30939;0.00902821
31.31012;0.00923886
31.31058;0.009339
31.31101;0.0102454
31.31159;0.0104125
31.31201;0.010299
31.31245;0.0103913
31.31321;0.0100247
31.31331;0.00942416
31.31377;0.00907296
31.31465;0.00840592
31.31511;0.00788042
31.31557;0.00684795
31.31581;0.00635426
31.31628;0.00598319
31.31696;0.00550951
31.31752;0.00489357
31.31777;0.00438006
31.31839;0.00429908
31.31891;0.00374833
31.31943;0.0032804
32.32007;0.00331849
32.32058;0.00382166
32.32091;0.00423829
32.32147;0.00520091
32.32213;0.00634073
32.32242;0.0063281
32.32300;0.00677363
32.32358;0.00665281
32.32391;0.00650673
32.32449;0.00656561
32.32527;0.00641437
32.32531;0.00609022
32.32622;0.00600586
32.32642;0.00572053
32.32717;0.00533776
32.32762;0.00496092
32.32796;0.00490382
32.32873;0.00468157
32.32907;0.00488641
32.32955;0.00591654
33.33002;0.00687862
33.33051;0.00729926
33.33098;0.00733135
33.33144;0.00720382
33.33194;0.0074645
33.33264;0.00782483
33.33301;0.00765064
33.33356;0.00940934
33.33402;0.0104795
33.33446;0.0104267
33.33513;0.0128131
33.33558;0.0148247
33.33606;0.0162715
33.33645;0.0170374
33.33693;0.0184329
33.33770;0.0187874
33.33800;0.0180051
33.33865;0.0177479
33.33916;0.0168317
33.33966;0.0159516
33.33989;0.0147625
34.34051;0.0140007
34.34116;0.0130712
34.34170;0.0122513
34.34194;0.0118746
34.34258;0.0102825
34.34313;0.00929695
34.34356;0.00823869
34.34444;0.0074301
34.34445;0.00699539
34.34493;0.00634012
34.34562;0.0053501
34.34619;0.00483518
34.34674;0.00435696
34.34702;0.00381733
34.34770;0.00317051
34.34819;0.00334226
34.34870;0.00322565
34.34905;0.00380339
34.34952;0.00470859
35.35024;0.00737629
35.35070;0.00778863
35.35104;0.0115288
35.35179;0.0161883
35.35192;0.0162577
35.35262;0.0178571
35.35306;0.0183195
35.35382;0.0188771
35.35393;0.0185293
35.35474;0.0181026
35.35493;0.0176273
35.35557;0.0183431
35.35611;0.0198333
35.35666;0.0191729
35.35697;0.019291
35.35770;0.0215538
35.35800;0.0209758
35.35863;0.025099
35.35908;0.0259977
35.35955;0.0296344
36.36017;0.0343183
36.36062;0.0389251
36.36111;0.0386199
36.36157;0.0419635
36.36213;0.0461796
36.36270;0.0487088
36.36300;0.0577984
36.36364;0.0647831
36.36404;0.0694248
36.36473;0.079968
36.36512;0.0793503
36.36590;0.0912725
36.36598;0.0898657
36.36652;0.102954
36.36698;0.102308
36.36760;0.107156
36.36831;0.114214
36.36878;0.117717
36.36902;0.120517
36.36959;0.117896
37.37019;0.109457
37.37070;0.107174
37.37106;0.103187
37.37162;0.084542
37.37219;0.0786702
37.37266;0.0682433
37.37301;0.0643293
37.37374;0.0548493
37.37422;0.050221
37.37469;0.0481886
37.37530;0.0477428
37.37599;0.048717
37.37603;0.0470405
37.37667;0.0463641
37.37714;0.0470984
37.37790;0.0516884
37.37817;0.0510318
37.37883;0.0512183
37.37937;0.0554728
37.37985;0.0534618
38.38005;0.0519817
38.38066;0.0567211
38.38116;0.0558977
38.38183;0.0573695
38.38220;0.0565594
38.38269;0.0539339
38.38309;0.0520866
38.38360;0.0548207
38.38449;0.0548101
38.38451;0.0518027
38.38517;0.0504673
38.38566;0.0489962
38.38627;0.0468191
38.38688;0.0448191
38.38740;0.0438646
38.38757;0.0396248
38.38818;0.0369917
38.38870;0.0321683
38.38912;0.0287397
38.38957;0.0283718
39.39054;0.0255922
39.39062;0.0223808
39.39143;0.0220488
39.39207;0.0164671
39.39214;0.0147792
39.39258;0.0133022
39.39320;0.011155
39.39366;0.00886523
39.39415;0.00757259
39.39462;0.00639886
39.39508;0.0059337
39.39568;0.00519844
39.39613;0.00401466
39.39669;0.00334807
39.39730;0.00287159
39.39771;0.00271148
39.39829;0.00193942
39.39865;0.00146349
39.39917;0.0013347
39.39966;0.000759233
40.40054;0.000437418
40.40054;0.000160705
40.40117;0.000112208
40.40162;-0.000154797
40.40226;-0.000490048
40.40270;-0.000683366
40.40324;-0.000791026
40.40370;-0.000797641
40.40443;-0.000980854
40.40494;-0.00112017
40.40545;-0.00111837
40.40596;-0.00165453
40.40606;-0.00166114
40.40657;-0.00282991
40.40751;-0.00411982
40.40769;-0.0041437
40.40830;-0.00559173
40.40874;-0.00610121
40.40921;-0.00665232
40.40966;-0.00696347
41.41043;-0.00689732
41.41071;-0.006509
41.41130;-0.00660708
41.41178;-0.00675279
41.41226;-0.00670722
41.41268;-0.00660732
41.41353;-0.00634822
41.41377;-0.0061449
41.41438;-0.00583063
41.41514;-0.00563162
41.41517;-0.00561326
41.41574;-0.00608484
41.41630;-0.00660675
41.41670;-0.00733798
41.41719;-0.00802903
41.41765;-0.00798718
41.41822;-0.0117214
41.41872;-0.0116952
41.41942;-0.0136075
41.41975;-0.0161648
42.42025;-0.0170405
42.42095;-0.0174143
42.42144;-0.0171044
42.42208;-0.0218169
42.42215;-0.0214719
42.42266;-0.0244952
42.42318;-0.0305272
42.42369;-0.0303634
42.42445;-0.0317582
42.42475;-0.0332726
42.42559;-0.0389332
42.42562;-0.0384429
42.42643;-0.0394817
42.42666;-0.0441108
42.42728;-0.0493979
42.42772;-0.0488367
42.42841;-0.0519859
42.42866;-0.0534053
42.42924;-0.0613784
42.42973;-0.0609893
43.43044;-0.0638289
43.43090;-0.0640464
43.43147;-0.0728952
43.43212;-0.0718029
43.43213;-0.0708759
43.43279;-0.0729987
43.43346;-0.0773049
43.43362;-0.0814148
43.43454;-0.0787186
43.43464;-0.0812698
43.43516;-0.0773256
43.43583;-0.0826079
43.43635;-0.0805774
43.43695;-0.0828042
43.43736;-0.08192
43.43819;-0.0793404
43.43825;-0.0781952
43.43903;-0.084672
43.43954;-0.0843841
43.43989;-0.0861066
44.44033;-0.0846399
44.44110;-0.0843491
44.44116;-0.0813546
44.44201;-0.0818046
44.44239;-0.0812786
44.44310;-0.0780444
44.44357;-0.0772949
44.44366;-0.0754991
44.44432;-0.0737462
44.44510;-0.071917
44.44517;-0.0684516
44.44575;-0.0678782
44.44627;-0.0649212
44.44711;-0.0637645
44.44757;-0.0604759
44.44788;-0.0597061
44.44832;-0.0569506
44.44897;-0.053868
44.44950;-0.0510279
44.44967;-0.0499061
45.45031;-0.0470331
45.45110;-0.0444551
45.45117;-0.0413617
45.45164;-0.0402818
45.45230;-0.0374618
45.45309;-0.034562
45.45354;-0.0319511
45.45367;-0.0303142
45.45427;-0.0275056
45.45473;-0.0242933
45.45546;-0.0204259
45.45595;-0.017947
45.45633;-0.0160704
45.45706;-0.0139873
45.45750;-0.0114519
45.45795;-0.00859933
45.45833;-0.00708627
45.45908;-0.0052771
45.45954;-0.00251169
45.45991;-0.0016269
46.46039;0.00254893
46.46134;0.00590073
46.46137;0.0126592
46.46170;0.0291466
46.46229;0.0554684
46.46307;0.317072
46.46353;-0.469366
46.46387;-0.255647
46.46429;-0.178929
46.46499;-0.0655623
46.46521;0.0274248
46.46581;0.0832419
46.46625;0.103001
46.46720;0.0703086
46.46727;0.0247813
46.46789;-0.0101205
46.46838;-0.0375341
46.46922;-0.0418497
46.46926;-0.0272373
46.46984;-0.0168949
47.47030;-0.00228197
47.47116;0.00588511
47.47118;0.00688069
47.47204;0.00607596
47.47247;0.00444492
47.47320;0.00212333
47.47325;0.000896362
47.47374;0.000370287
47.47446;-0.000241722
47.47514;-0.000407849
47.47562;-0.000391883
47.47576;-0.000312517
47.47645;-0.000242636
47.47674;-0.000190283
47.47746;-0.000141021
47.47797;-9.55127e-05
47.47838;-0.000110851
47.47916;-0.000231612
47.47962;-0.000589661
47.47998;-0.00062967
48.48037;-0.000622203
48.48099;-0.000604255
48.48145;0.000236633
48.48202;0.00158152
48.48239;0.00234393
48.48310;0.0030147
48.48354;0.00403734
48.48399;0.00462101
48.48435;0.0049204
48.48509;0.00533652
48.48558;0.00573955
48.48620;0.00598311
48.48622;0.00617882
48.48706;0.00645602
48.48750;0.00673673
48.48803;0.0068583
48.48828;0.00716892
48.48885;0.00725083
48.48955;0.00736079
49.49020;0.00743572
49.49023;0.00753352
49.49120;0.00761983
49.49156;0.00769975
49.49215;0.00776956
49.49242;0.00784347
49.49315;0.00791872
49.49338;0.00800425
49.49395;0.00808169
49.49435;0.00813771
49.49508;0.00821011
49.49554;0.00828247
49.49608;0.00834518
49.49635;0.00839969
49.49699;0.00844322
49.49746;0.00852327
49.49829;0.00857285
49.49829;0.00861795
49.49906;0.00867692
49.49950;0.00875917
49.49988;0.00878178
50.50030;0.00892044
50.50120;0.00893893
50.50156;0.00898622
50.50188;0.00907513
50.50234;0.00911991
50.50318;0.00915095
50.50326;0.00921637
50.50419;0.00926402
50.50438;0.00930595
50.50522;0.00933997
50.50531;0.00941284
50.50589;0.00944276
50.50640;0.00947555
50.50721;0.009507
50.50765;0.00956473
50.50778;0.00959994
50.50831;0.00963213
50.50899;0.00966868
50.50950;0.0097203
50.50996;0.009752
51.51053;0.00980136
51.51111;0.00979733
51.51155;0.00985836
51.51187;0.0098784
51.51234;0.00990916
51.51322;0.00992725
51.51341;0.00998144
51.51394;0.00999925
51.51438;0.0100246
51.51517;0.0100309
51.51562;0.00980921
51.51600;0.00951308
51.51640;0.00936753
51.51716;0.00916018
51.51762;0.00897513
51.51799;0.00902909
51.51841;0.00908504
51.51889;0.00914399
51.51942;0.0090718
51.51997;0.0094494
52.52037;0.00979474
52.52109;0.0104717
52.52158;0.0109832
52.52202;0.0111682
52.52231;0.0113108
52.52315;0.0113368
52.52359;0.011373
52.52419;0.0113726
52.52466;0.0113574
52.52494;0.0113682
52.52554;0.0113898
52.52587;0.0114279
52.52651;0.01146
52.52721;0.0114711
52.52744;0.0114936
52.52806;0.0115353
52.52842;0.0115555
52.52921;0.0115926
52.52970;0.0116352
53.53001;0.0116721
53.53046;0.0117023
53.53101;0.0117332
53.53150;0.0117835
53.53198;0.0118214
53.53236;0.0118668
53.53305;0.0118822
53.53349;0.0119266
53.53402;0.0119711
53.53434;0.0120167
53.53496;0.0120306
53.53550;0.0120685
53.53592;0.0121024
53.53631;0.0121496
53.53718;0.0121697
53.53780;0.0122136
53.53788;0.0122567
53.53842;0.0122776
53.53919;0.0123084
53.53944;0.0123375
53.53988;0.012373
54.54036;0.0123918
54.54117;0.0124172
54.54162;0.012458
54.54207;0.0124871
54.54241;0.0125089
54.54316;0.0125288
54.54362;0.0125506
54.54404;0.012558
54.54433;0.012569
54.54512;0.0125853
54.54559;0.0126051
54.54600;0.0126121
54.54637;0.0126237
54.54711;0.0126269
54.54754;0.0126304
54.54827;0.0126085
54.54830;0.0125807
54.54892;0.012571
54.54958;0.0125521
54.54994;0.0125355
55.55038;0.0124785
55.55115;0.0124632
55.55148;0.0124321
55.55211;0.0123977
55.55247;0.0123827
55.55319;0.0123536
55.55366;0.012317
55.55407;0.0122923
55.55439;0.0122949
55.55513;0.0123165
55.55559;0.0124149
55.55602;0.0125561
55.55634;0.0126713
55.55710;0.0129408
55.55754;0.0134482
55.55791;0.0142467
55.55837;0.0147743
55.55909;0.0161566
55.55954;0.0177138
56.56044;0.020601
56.56051;0.021583
56.56112;0.0248952
56.56161;0.0296934
56.56190;0.0312231
56.56255;0.036987
56.56317;0.040533
56.56354;0.0450415
56.56387;0.0508764
56.56430;0.0532928
56.56510;0.0570653
56.56550;0.0605821
56.56615;0.0651492
56.56642;0.0663226
56.56720;0.0689586
56.56786;0.0717193
56.56786;0.0731272
56.56843;0.073707
56.56910;0.0742884
56.56958;0.0743099
57.57009;0.0738945
57.57041;0.0734796
57.57111;0.0725506
57.57154;0.0709335
57.57205;0.0698846
57.57246;0.0695217
57.57314;0.0693091
57.57358;0.0694415
57.57398;0.0701458
57.57443;0.0706123
57.57513;0.0713697
57.57558;0.0730346
57.57605;0.074341
57.57647;0.0753469
57.57716;0.0762784
57.57762;0.0777685
57.57833;0.0787464
57.57835;0.0798175
57.57903;0.0801461
57.57950;0.0810827
58.58030;0.0819213
58.58036;0.0826827
58.58098;0.0830398
58.58145;0.0836063
58.58222;0.0840218
58.58228;0.0846946
58.58320;0.0850518
58.58352;0.0854724
58.58410;0.0859168
58.58455;0.0859949
58.58516;0.0859922
58.58535;0.0856971
58.58591;0.0852839
58.58637;0.0844372
58.58710;0.0842975
58.58762;0.0831354
58.58802;0.0821364
58.58842;0.0812329
58.58916;0.0802372
58.58962;0.0782844
59.59006;0.0767089
59.59037;0.0753554
59.59098;0.0739224
59.59147;0.0712198
59.59221;0.0691105
59.59235;0.066432
59.59299;0.0654996
59.59345;0.0625547
59.59428;0.0588807
59.59461;0.0561161
59.59495;0.0543847
59.59554;0.0513714
59.59583;0.0482691
59.59661;0.0437784
59.59710;0.0417918
59.59748;0.0376793
59.59809;0.0334376
59.59848;0.0312849
59.59906;0.0283719
59.59937;0.0231558
60.60026;0.0192958
60.60035;0.0138859
60.60106;0.0115321
60.60158;0.00836339
60.60223;0.00202076
60.60267;-0.00119208
60.60303;-0.00362529
60.60354;-0.00849494
60.60414;-0.0132208
60.60458;-0.0154889
60.60514;-0.019071
60.60543;-0.0230898
60.60597;-0.026262
60.60642;-0.0303255
60.60703;-0.0318975
60.60746;-0.0341456
60.60826;-0.0365934
60.60839;-0.0377178
60.60912;-0.0387009
60.60962;-0.0397338
61.61031;-0.0405916
61.61036;-0.0416704
61.61119;-0.0418173
61.61162;-0.0428086
61.61199;-0.0436024
61.61243;-0.0441172
61.61307;-0.0446118
61.61354;-0.0453169
61.61440;-0.0459906
61.61444;-0.0466283
61.61511;-0.0467315
61.61554;-0.0474364
61.61607;-0.0480971
61.61666;-0.0484587
61.61701;-0.0487185
61.61745;-0.049138
61.61822;-0.0497818
61.61859;-0.0500892
61.61920;-0.0503145
61.61954;-0.0507497
62.62021;-0.0512322
62.62047;-0.05156
62.62107;-0.0517504
62.62190;-0.0520577
62.62193;-0.0524128
62.62274;-0.0527559
62.62309;-0.0529209
62.62354;-0.0531347
62.62423;-0.0535442
62.62467;-0.0537894
62.62512;-0.0538854
62.62558;-0.054211
62.62625;-0.0545195
62.62657;-0.0546885
62.62709;-0.0548532
62.62755;-0.0550129
62.62819;-0.0552826
62.62852;-0.0554673
62.62911;-0.0555756
62.62987;-0.0557502
63.63003;-0.0559521
63.63066;-0.056147
63.63139;-0.0563329
63.63155;-0.0564229
63.63217;-0.0565693
63.63258;-0.0567662
63.63319;-0.0569279
63.63392;-0.0569542
63.63441;-0.0571332
63.63481;-0.0572561
63.63550;-0.0573995
63.63558;-0.057469
63.63623;-0.0576034
63.63669;-0.0577327
63.63737;-0.0578363
63.63766;-0.0578965
63.63824;-0.0580324
63.63907;-0.0581258
63.63911;-0.0582053
63.63977;-0.0582194
64.64022;-0.0582089
64.64116;-0.05809
64.64118;-0.0579383
64.64192;-0.0578199
64.64237;-0.0576285
64.64267;-0.0572044
64.64350;-0.0568278
64.64357;-0.056572
64.64427;-0.0559934
64.64464;-0.0554314
64.64543;-0.0545055
64.64584;-0.0542128
64.64634;-0.0531092
64.64720;-0.0521154
64.64724;-0.0512637
64.64788;-0.0507462
64.64840;-0.0498712
64.64871;-0.0488109
64.64955;-0.0479138
64.64960;-0.0471965
65.65034;-0.0464773
65.65066;-0.0452104
65.65146;-0.0441222
65.65169;-0.0430456
65.65235;-0.0425087
65.65284;-0.0418009
65.65321;-0.0405658
65.65375;-0.0398637
65.65422;-0.039164
65.65487;-0.0381311
65.65554;-0.0371127
65.65576;-0.0366078
65.65635;-0.0357756
65.65667;-0.0347921
65.65744;-0.0338205
65.65768;-0.0328769
65.65830;-0.0324122
65.65905;-0.0318061
65.65953;-0.0306139
65.65987;-0.0301711
66.66034;-0.0295839
66.66114;-0.0285924
66.66115;-0.0279007
66.66170;-0.0274914
66.66231;-0.0268184
66.66309;-0.0260398
66.66317;-0.0252754
66.66369;-0.0245281
66.66433;-0.0241658
66.66470;-0.0235819
66.66542;-0.022897
66.66592;-0.0223413
66.66634;-0.0219047
66.66707;-0.0213727
66.66749;-0.0206469
66.66789;-0.020443
66.66847;-0.0198407
66.66878;-0.0192626
